{"type":"FeatureCollection","features":[{"type":"Feature","id":5,"properties":{"areaId":"bicol","name":"Bicol","province":"Albay"},"geometry":{"type":"MultiPolygon","coordinates":[[[[124.12933349609375,13.23612022399908],[124.15223693847656,13.231380462646598],[124.2091674804692,13.207039833068904],[124.21990203857467,13.180230140685978],[124.21042633056652,13.169509887695256],[124.18520355224643,13.171640396118278],[124.1354904174807,13.185589790344295],[124.10030364990257,13.188690185547102],[124.07948303222668,13.201820373535156],[124.08396911621105,13.212329864501896],[124.12587738037155,13.227600097656477],[124.12933349609375,13.23612022399908]]],[[[123.9767990112307,13.28069019317627],[123.99162292480469,13.261719703674316],[123.99883270263695,13.285860061645621],[124.0265808105471,13.272620201110897],[124.0540237426759,13.278820037842024],[124.06095123291016,13.270589828491211],[124.08386993408214,13.268230438232365],[124.05545806884777,13.22875022888195],[124.03766632080078,13.218059539794865],[124.00200653076172,13.22128009796154],[123.9917221069336,13.236140251159782],[123.96211242675804,13.23141956329357],[123.91506195068405,13.263939857483024],[123.90947723388695,13.285010337829647],[123.9504013061528,13.290909767150879],[123.9767990112307,13.28069019317627]]],[[[123.85447692871128,13.353969573974837],[123.88247680664074,13.345290184021053],[123.90766143798851,13.32931041717552],[123.93055725097702,13.32499980926525],[123.92363739013717,13.309519767761287],[123.9110107421875,13.308270454406852],[123.88503265380871,13.278739929199276],[123.90474700927734,13.250240325927848],[123.89000701904331,13.229399681091309],[123.87384796142578,13.230230331421126],[123.86837005615257,13.246839523315487],[123.84274291992188,13.270970344543457],[123.85231018066452,13.313599586486816],[123.84010314941452,13.335519790649414],[123.85447692871128,13.353969573974837]]],[[[123.76624298095703,13.407500267028922],[123.80756378173828,13.394399642944336],[123.8418426513673,13.356639862060774],[123.8356628417971,13.344340324401855],[123.81066131591831,13.356010437011832],[123.7785110473634,13.384550094604549],[123.76624298095703,13.407500267028922]]],[[[123.93997192382847,13.118100166320914],[123.92381286621094,13.094960212707576],[123.91374969482433,13.054809570312557],[123.89394378662155,13.037569999694938],[123.8610610961914,13.041609764099348],[123.79743194580124,13.012559890747184],[123.76864624023472,12.985830307006836],[123.7626571655278,12.996520042419434],[123.74453735351608,12.999589920044059],[123.73374176025425,13.024089813232365],[123.66713714599621,13.025650024414176],[123.65947723388717,13.016940116882381],[123.62740325927734,13.0139999389649],[123.61443328857422,13.020380020141715],[123.58585357666061,13.021849632263297],[123.57494354248047,13.030989646911735],[123.53874206543014,13.02221965789795],[123.4893417358403,13.000559806823844],[123.48042297363327,12.988889694213867],[123.46003723144565,13.007499694824446],[123.45144653320347,13.024800300598201],[123.40654754638672,13.045949935913143],[123.37055969238327,13.035229682922363],[123.36015319824241,13.02064037322998],[123.32569885253918,13.006879806518782],[123.3077392578125,13.023429870605469],[123.30168914794933,13.04833030700695],[123.2894287109375,13.064909934997615],[123.29611206054688,13.08740043640148],[123.288368225098,13.107720375061149],[123.28869628906261,13.147890090942383],[123.31079864501953,13.16796970367443],[123.30374908447311,13.181960105895996],[123.32643127441406,13.200240135192871],[123.29386138916027,13.251399993896598],[123.27594757080101,13.262049674987907],[123.33735656738293,13.300569534301871],[123.3814163208009,13.33207225799572],[123.40145874023483,13.33882045745861],[123.43414306640659,13.36198043823265],[123.4492416381836,13.36697959899925],[123.49965667724621,13.362859725952262],[123.52356719970703,13.379260063171387],[123.5431365966798,13.376779556274471],[123.55764770507824,13.389399528503475],[123.58155822753906,13.396630287170467],[123.58944702148438,13.428030014038143],[123.58180236816406,13.450119972228947],[123.55445861816406,13.473139762878475],[123.54306030273472,13.504179954528922],[123.55388641357422,13.51900959014904],[123.60079956054722,13.523289680480957],[123.61769866943405,13.49705028533947],[123.63923645019531,13.484600067138729],[123.67729187011719,13.478010177612362],[123.72553253173862,13.389249801635742],[123.73555755615234,13.366290092468262],[123.74255371093761,13.327819824218693],[123.76061248779342,13.322979927062931],[123.81607055664108,13.286640167236555],[123.82124328613293,13.266659736633358],[123.8377914428711,13.266670227050781],[123.84877014160156,13.249549865722713],[123.86818695068428,13.23622035980236],[123.86152648925815,13.22426033020048],[123.78733062744175,13.237489700317383],[123.76473236083984,13.210519790649698],[123.75463104248047,13.176759719848746],[123.76194763183639,13.13671970367443],[123.78581237793003,13.114250183105469],[123.76458740234386,13.076199531555176],[123.76605224609375,13.057929992675724],[123.79538726806652,13.046050071716422],[123.83878326416027,13.090319633483944],[123.86502075195347,13.123020172119254],[123.86284637451217,13.135439872741642],[123.87896728515625,13.143199920654524],[123.90630340576183,13.140979766845817],[123.91163635253918,13.122280120849723],[123.93997192382847,13.118100166320914]]]]}},{"type":"Feature","id":19,"properties":{"areaId":"bicol","name":"Bicol","province":"Camarines Norte"},"geometry":{"type":"Polygon","coordinates":[[[123.05915832519565,13.837129592895451],[123.02719879150402,13.86454010009777],[122.94172668457031,13.92977046966547],[122.91634368896484,13.942919731140194],[122.85839080810592,13.97920036315918],[122.79257202148438,14.014450073242301],[122.71861267089855,14.04292011261009],[122.64189910888717,14.070119857788029],[122.56990051269531,14.101440429687443],[122.44415283203148,14.148610115051326],[122.44373321533249,14.138799667358398],[122.38524627685581,14.074700355529842],[122.35475158691406,14.063909530639705],[122.32974243164097,14.062379837036246],[122.29949951171875,14.070170402526912],[122.31207275390648,14.10527038574213],[122.33975219726562,14.10834980011009],[122.35016632080078,14.128190040588379],[122.33690643310547,14.15703010559082],[122.33785247802734,14.183600425720329],[122.34805297851597,14.203009605407772],[122.35034942626953,14.225729942321891],[122.37153625488281,14.21259975433361],[122.37935638427734,14.220640182495117],[122.35983276367199,14.246310234069824],[122.37764739990234,14.265239715576172],[122.38300323486362,14.284090042114258],[122.40930938720703,14.285110473632926],[122.41622161865234,14.312640190124625],[122.43383789062511,14.303609848022461],[122.4645462036134,14.32804012298601],[122.48383331298896,14.32816028594965],[122.51014709472679,14.344559669494686],[122.53826904296932,14.34014034271263],[122.58455657959018,14.32028007507347],[122.59721374511741,14.302820205688704],[122.6313705444336,14.284919738769645],[122.65294647216797,14.3054838180542],[122.68993377685547,14.292119979858512],[122.66870880126953,14.329449653625772],[122.71289825439476,14.340149879455566],[122.71336364746128,14.322070121765137],[122.73895263671875,14.312330245971793],[122.74693298339878,14.326780319213924],[122.77481842041016,14.32017993927002],[122.78923797607422,14.30033969879156],[122.79089355468761,14.2817897796632],[122.81582641601562,14.273369789123535],[122.82662200927734,14.2856702804566],[122.84880828857422,14.280570030212402],[122.8646926879884,14.267689704894963],[122.8819732666019,14.241009712219238],[122.91271209716797,14.213890075683821],[122.91458892822322,14.193599700927791],[122.93730163574241,14.19087028503418],[122.95220184326172,14.16322994232172],[122.97889709472656,14.146389961242619],[123.00721740722724,14.102219581604118],[123.02416992187511,14.11332988739025],[123.04000091552746,14.101940155029467],[123.04897308349632,14.070590019226188],[123.03472137451172,14.067779541015682],[123.03082275390636,14.032299995422477],[123.0570297241211,13.993029594421387],[123.08394622802746,13.981699943542594],[123.08473205566429,13.937680244445914],[123.09544372558594,13.894000053405705],[123.06751251220703,13.87405014038086],[123.05915832519565,13.837129592895451]]]}},{"type":"Feature","id":20,"properties":{"areaId":"bicol","name":"Bicol","province":"Camarines Sur"},"geometry":{"type":"MultiPolygon","coordinates":[[[[123.82106018066418,13.97527980804449],[123.83130645751953,13.976400375366268],[123.83264923095703,13.934980392456112],[123.84055328369175,13.899160385131893],[123.82576751708984,13.905280113220272],[123.81120300292969,13.926250457763615],[123.82106018066418,13.97527980804449]]],[[[123.64559936523506,13.978070259094466],[123.67115783691452,13.966039657592773],[123.67825317382812,13.951279640197981],[123.67077636718795,13.93589019775385],[123.64824676513683,13.919859886169434],[123.62885284423828,13.91302967071556],[123.60430145263695,13.9156503677371],[123.59760284423885,13.931460380554427],[123.60124969482445,13.94925975799589],[123.63716888427746,13.956040382385481],[123.64559936523506,13.978070259094466]]],[[[123.60079956054722,13.523289680480957],[123.55388641357422,13.51900959014904],[123.54306030273472,13.504179954528922],[123.55445861816406,13.473139762878475],[123.58180236816406,13.450119972228947],[123.58944702148438,13.428030014038143],[123.58155822753906,13.396630287170467],[123.55764770507824,13.389399528503475],[123.5431365966798,13.376779556274471],[123.52356719970703,13.379260063171387],[123.49965667724621,13.362859725952262],[123.4492416381836,13.36697959899925],[123.43414306640659,13.36198043823265],[123.40145874023483,13.33882045745861],[123.3814163208009,13.33207225799572],[123.33735656738293,13.300569534301871],[123.27594757080101,13.262049674987907],[123.23916625976597,13.289719581604004],[123.22966003417969,13.324290275573901],[123.2100830078125,13.346249580383244],[123.20794677734398,13.373240470886344],[123.20066833496094,13.388420104980526],[123.19992065429722,13.419400215148983],[123.18856811523449,13.434060096740836],[123.15769195556663,13.455240249633903],[123.0936737060548,13.483810424804801],[123.07946777343761,13.487079620361555],[123.05355834961006,13.505760192871207],[123.02860260009766,13.508040428161564],[123.00211334228516,13.522330284118766],[122.97545623779297,13.521309852600098],[122.94786071777355,13.550550460815373],[122.92178344726597,13.556159973144531],[122.908447265625,13.56984996795677],[122.88923645019554,13.575489997863883],[122.83409118652378,13.630390167236442],[122.82232666015625,13.64927959442133],[122.84278106689464,13.682220458984318],[122.86138916015648,13.690279960632438],[122.83898162841842,13.726380348205623],[122.81999206542991,13.744540214538631],[122.77961730957077,13.764049530029524],[122.7496566772461,13.790679931640682],[122.73893737792991,13.807869911193904],[122.70970153808594,13.820540428161621],[122.7005615234375,13.814900398254338],[122.68044281005871,13.827870368957463],[122.66851043701172,13.810029983520621],[122.65345764160168,13.820610046386776],[122.65081024169945,13.851519584655762],[122.63456726074219,13.877449989318904],[122.61435699462902,13.89529991149908],[122.59269714355514,13.893449783325195],[122.57089996337913,13.902569770813045],[122.5732192993164,13.914170265197697],[122.56198120117233,13.941789627075252],[122.5755996704105,13.955789566040039],[122.67611694335972,13.984350204467773],[122.79257202148438,14.014450073242301],[122.85839080810592,13.97920036315918],[122.91634368896484,13.942919731140194],[122.94172668457031,13.92977046966547],[123.02719879150402,13.86454010009777],[123.05915832519565,13.837129592895451],[123.04792785644554,13.817040443420524],[123.04794311523438,13.773989677429313],[123.0820465087894,13.75181961059576],[123.11647033691418,13.737990379333723],[123.12747192382812,13.728480339050293],[123.15701293945347,13.73147010803217],[123.19281768798862,13.72733020782482],[123.23362731933628,13.730620384216422],[123.27761840820358,13.751740455627669],[123.29126739501953,13.775629997253475],[123.3228912353519,13.795499801635742],[123.32395935058594,13.813739776611328],[123.31403350830078,13.843990325927791],[123.29527282714844,13.8654403686524],[123.28515625,13.891489982605094],[123.28795623779308,13.904250144958496],[123.3163528442384,13.922419548034611],[123.33238220214855,13.941060066223201],[123.32174682617222,13.955490112304972],[123.30799865722702,13.92821979522705],[123.29385375976574,13.926980018615723],[123.25990295410168,13.958239555359],[123.23380279541084,13.966779708862305],[123.22857666015625,14.003379821777457],[123.25808715820324,14.00216007232666],[123.25624084472656,14.025870323181266],[123.27852630615257,14.036800384521712],[123.27342987060592,14.073740005493221],[123.31610870361328,14.04666996002203],[123.30860900878906,14.067500114440975],[123.34638977050781,14.068329811096191],[123.36444091796886,14.0380601882934],[123.36305236816406,14.017219543457259],[123.39312744140636,14.02737045288103],[123.40384674072266,13.989469528198242],[123.41708374023449,13.97373008728033],[123.41219329833984,13.955969810486067],[123.41515350341808,13.933569908142033],[123.44976806640625,13.920350074768123],[123.44737243652389,13.969269752502555],[123.47096252441463,13.960929870605469],[123.48902130126987,13.939609527587834],[123.49462890625023,13.921919822692985],[123.53649902343818,13.912969589233569],[123.54884338378952,13.93035984039318],[123.59208679199241,13.911939620971737],[123.59908294677768,13.894860267639274],[123.64627838134766,13.890819549560547],[123.68094635009777,13.87938022613531],[123.6992416381836,13.88444042205822],[123.70262908935592,13.912560462951888],[123.71697235107422,13.921529769897404],[123.73320770263683,13.91361045837408],[123.73381042480491,13.898159980774153],[123.75537109375,13.868789672851562],[123.77825927734375,13.862130165100098],[123.78289031982433,13.846739768982047],[123.7997970581057,13.847339630126953],[123.81368255615234,13.828559875488281],[123.83751678466797,13.82116985321045],[123.84578704833984,13.81161975860607],[123.86712646484398,13.825690269470215],[123.88450622558594,13.803480148315373],[123.91959381103516,13.791430473327637],[123.94391632080146,13.79230976104742],[123.94409942627021,13.77317047119152],[123.96724700927768,13.744750022888127],[123.95739746093795,13.723979949951229],[123.92807769775436,13.73095989227295],[123.90257263183594,13.725259780883846],[123.87425994873058,13.737500190734863],[123.83553314208996,13.697589874267578],[123.81664276123092,13.688779830932674],[123.78077697753952,13.693349838256893],[123.75167846679688,13.707850456237736],[123.70691680908226,13.71090030670166],[123.67410278320335,13.721030235290584],[123.65738677978527,13.706910133361816],[123.61419677734409,13.724929809570256],[123.58262634277355,13.727560043334904],[123.55901336669967,13.694490432739258],[123.53663635253952,13.63274955749523],[123.53555297851608,13.61217975616455],[123.54337310791061,13.58866977691656],[123.5304870605471,13.576539993286246],[123.53764343261764,13.558529853820914],[123.56748962402366,13.562350273132324],[123.60079956054722,13.523289680480957]]],[[[123.30019378662143,14.127989768981934],[123.3182983398442,14.12129020690918],[123.32684326171886,14.09939002990717],[123.2928466796875,14.118080139160156],[123.30019378662143,14.127989768981934]]]]}},{"type":"Feature","id":23,"properties":{"areaId":"bicol","name":"Bicol","province":"Catanduanes"},"geometry":{"type":"MultiPolygon","coordinates":[[[[124.33451080322277,13.970549583435172],[124.3469924926759,13.964369773864803],[124.35301971435558,13.948010444641227],[124.32750701904297,13.941269874572754],[124.31067657470714,13.957489967346362],[124.31263732910156,13.970419883728027],[124.33451080322277,13.970549583435172]]],[[[124.20722198486328,14.099020004272688],[124.21833801269543,14.076689720153809],[124.24651336669922,14.05440998077404],[124.25935363769543,14.021490097045842],[124.2783203125,14.002949714660588],[124.28526306152344,13.943770408630428],[124.30291748046875,13.941289901733626],[124.3218765258789,13.914990425109977],[124.33386230468773,13.936309814453125],[124.35233306884777,13.936750411987418],[124.35730743408237,13.905710220337141],[124.37638854980491,13.888330459594783],[124.38436889648438,13.893170356750545],[124.40747070312534,13.88045978546154],[124.42117309570312,13.846579551696891],[124.41528320312534,13.834939956665096],[124.41866302490268,13.78234958648693],[124.39306640625011,13.778169631958121],[124.40863037109398,13.74981975555437],[124.38501739501953,13.71350955963129],[124.39163208007847,13.691769599914608],[124.40821075439453,13.689020156860408],[124.41689300537121,13.667229652404785],[124.37834167480469,13.643750190735147],[124.37357330322266,13.658829689025879],[124.34777069091831,13.64855003356945],[124.34207916259766,13.638899803161564],[124.35098266601562,13.605349540710506],[124.32694244384766,13.557780265808105],[124.31286621093784,13.575050354003906],[124.31224060058628,13.58843994140625],[124.2733306884769,13.595829963684139],[124.24478149414085,13.588899612426985],[124.22576141357467,13.567410469055233],[124.21466064453125,13.563429832458496],[124.20617675781295,13.54257965087902],[124.21505737304688,13.52340030670166],[124.19155883789097,13.518930435180721],[124.1577835083009,13.544170379638786],[124.14055633544967,13.571669578552473],[124.10555267334007,13.593330383300724],[124.07614135742188,13.604129791259766],[124.06387329101585,13.614250183105526],[124.0233993530278,13.66339015960699],[124.03610992431675,13.664719581604004],[124.06385803222668,13.693550109863338],[124.0950927734375,13.70456981658947],[124.10621643066429,13.727950096130485],[124.1043472290039,13.738869667053336],[124.12158966064453,13.752739906311092],[124.13609313964844,13.796890258789062],[124.13278198242188,13.818880081176758],[124.1372680664067,13.855400085449162],[124.13184356689464,13.883720397949276],[124.1410064697269,13.898289680480957],[124.14718627929733,13.936079978942871],[124.129188537598,13.970899581909293],[124.13027954101597,14.001110076904354],[124.13926696777344,14.01264953613287],[124.12935638427734,14.030280113220158],[124.12619781494186,14.060600280761832],[124.14517211914062,14.06142997741722],[124.15712738037121,14.050009727478255],[124.18544006347668,14.063190460205192],[124.19110870361374,14.08693981170677],[124.20722198486328,14.099020004272688]]]]}},{"type":"Feature","id":46,"properties":{"areaId":"bicol","name":"Bicol","province":"Masbate"},"geometry":{"type":"MultiPolygon","coordinates":[[[[123.1338882446289,11.861940383911133],[123.14221954345714,11.851940155029354],[123.12610626220737,11.836389541625977],[123.11776733398438,11.852780342102164],[123.1338882446289,11.861940383911133]]],[[[123.66194152832031,11.904999732971191],[123.67472076416016,11.900560379028605],[123.67555236816452,11.881669998169059],[123.6597213745124,11.881939888000772],[123.66194152832031,11.904999732971191]]],[[[123.23715209960938,12.601180076599178],[123.2477798461914,12.600830078125057],[123.2850036621096,12.573329925537223],[123.30416870117199,12.578889846801758],[123.34638977050781,12.55082988739025],[123.33944702148449,12.53806018829357],[123.36028289794956,12.493889808654842],[123.35138702392601,12.479720115661678],[123.32584381103516,12.469719886779899],[123.33110809326172,12.449720382690487],[123.34750366210972,12.456390380859375],[123.376953125,12.481389999389705],[123.37110900878918,12.505279541015682],[123.39694213867199,12.513330459594783],[123.4038925170903,12.523059844970703],[123.4411087036134,12.518059730529785],[123.4642028808596,12.503580093383789],[123.47334289550793,12.490559577941951],[123.5025024414067,12.475830078125],[123.52388763427746,12.455829620361442],[123.55444335937534,12.462779998779297],[123.56250000000011,12.452219963073844],[123.56500244140648,12.425559997558821],[123.60138702392578,12.388059616088867],[123.58972167968795,12.375559806823674],[123.5986099243164,12.356109619140682],[123.62139129638706,12.377779960632381],[123.65527343750045,12.340559959411564],[123.66972351074241,12.349169731140194],[123.69658660888683,12.330900192260799],[123.71694183349655,12.295559883117676],[123.74833679199219,12.25082969665533],[123.75583648681663,12.24582958221447],[123.76471710205078,12.217499732971419],[123.80000305175781,12.244170188903865],[123.82277679443371,12.236390113830623],[123.8555526733403,12.194169998168945],[123.86916351318393,12.200559616088867],[123.87277984619175,12.22222042083763],[123.89749908447266,12.205559730529728],[123.89861297607422,12.192779541015625],[123.91361236572266,12.179439544677791],[123.90915679931652,12.167220115661621],[123.93472290039074,12.139719963073958],[123.95027923584018,12.109720230102539],[123.97000122070324,12.092780113220329],[124.00749969482456,12.02278041839611],[124.0283432006836,12.003060340881348],[124.05217742919922,11.96743011474615],[124.04000091552746,11.962779998779581],[124.01748657226608,11.985210418701172],[124.01444244384777,12.005000114440918],[123.99762725830078,12.009719848632812],[123.99833679199253,11.979439735412654],[124.02201843261719,11.954799652099723],[124.02971649169933,11.9236097335816],[124.05532073974643,11.874580383300895],[124.06994628906261,11.853549957275334],[124.06755828857422,11.826660156250227],[124.05597686767578,11.805080413818473],[124.055908203125,11.78689002990734],[124.07444000244175,11.744850158691463],[124.06781005859375,11.720390319824276],[124.05406188964844,11.723440170288143],[124.02957153320347,11.74816989898693],[124.01361083984398,11.784720420837516],[123.97528076171898,11.82583045959467],[123.95027923584018,11.840000152587834],[123.91805267334007,11.866109848022518],[123.8961868286134,11.866769790649471],[123.88491821289108,11.881449699401912],[123.85888671875,11.899999618530273],[123.8008270263673,11.921389579773063],[123.76563262939464,11.9264497756958],[123.74582672119163,11.9216699600222],[123.72073364257824,11.933070182800293],[123.72754669189453,11.94645023345953],[123.7110977172855,11.955940246582031],[123.73777770996094,11.985560417175293],[123.71204376220737,12.008139610290527],[123.65666961669967,12.041390419006348],[123.64111328125023,12.063610076904297],[123.60028076171932,12.075830459594783],[123.61222076416084,12.095279693603743],[123.58999633789085,12.14556026458746],[123.56639099121139,12.167779922485465],[123.56388854980469,12.181389808654785],[123.54000091552768,12.212499618530387],[123.50026702880905,12.217780113220215],[123.48444366455112,12.21082973480236],[123.45610809326172,12.21082973480236],[123.42890930175793,12.201049804687557],[123.41610717773449,12.17582988739025],[123.35610961914062,12.098609924316406],[123.33611297607456,12.093330383300838],[123.30249786376953,12.028889656066895],[123.28943634033203,12.016670227050895],[123.26471710205112,12.005829811096305],[123.24858856201172,11.97515964508051],[123.23444366455112,11.959719657898063],[123.20971679687545,11.94999980926525],[123.16583251953125,11.903889656067008],[123.14167022705101,11.929719924926815],[123.18026733398449,12.002220153808537],[123.19583129882824,12.019439697265625],[123.19333648681652,12.044170379638729],[123.20500183105514,12.056949615478572],[123.20527648925804,12.08471965789795],[123.2183303833009,12.133060455322322],[123.22860717773483,12.123609542846737],[123.25861358642612,12.153889656067122],[123.27749633789097,12.158329963684196],[123.28138732910179,12.174169540405387],[123.26750183105469,12.194439888000488],[123.28472137451195,12.218609809875602],[123.2763900756836,12.235830307006779],[123.25166320800781,12.241669654846191],[123.24054718017612,12.221940040588493],[123.22222137451172,12.255829811096419],[123.22888946533203,12.279999732971191],[123.24111175537121,12.28666973114008],[123.26638793945324,12.334170341491642],[123.26194763183594,12.379170417785701],[123.27443695068428,12.38694000244135],[123.28415679931709,12.416110038757381],[123.2827835083009,12.437780380249137],[123.27221679687534,12.454449653625488],[123.25389099121105,12.453889846801871],[123.24722290039097,12.51222038269043],[123.2497329711914,12.523610115051213],[123.23916625976597,12.560560226440657],[123.24223327636719,12.575830459594727],[123.23715209960938,12.601180076599178]]],[[[123.6247329711914,12.693610191345158],[123.6372222900394,12.673060417175577],[123.66194152832031,12.644720077514762],[123.68000030517612,12.643610000610408],[123.7255630493164,12.614170074463004],[123.73528289794922,12.586669921875],[123.73110961914074,12.576669692993391],[123.75749969482422,12.515560150146598],[123.76972198486374,12.494449615478516],[123.77278137207043,12.453889846801871],[123.78584289550781,12.413610458374023],[123.79222106933639,12.40832996368431],[123.79888916015625,12.37417030334484],[123.79582977294922,12.349439620971737],[123.78028106689487,12.350000381469727],[123.73999786376964,12.396670341491756],[123.72750091552768,12.40250015258789],[123.72305297851597,12.42278003692627],[123.68472290039097,12.463330268859977],[123.68694305419967,12.47889041900629],[123.66694641113293,12.494449615478516],[123.66221618652378,12.512780189514217],[123.64833068847668,12.533329963684196],[123.63361358642578,12.543889999389648],[123.6097335815432,12.599720001220874],[123.59500122070358,12.60470962524414],[123.58499908447266,12.62693977355974],[123.60888671875,12.657219886779728],[123.59971618652366,12.68305969238304],[123.6247329711914,12.693610191345158]]],[[[122.97440338134834,13.157320022583121],[122.9729232788086,13.136119842529524],[122.9466476440432,13.14109039306635],[122.97440338134834,13.157320022583121]]],[[[122.99568176269531,13.158860206603947],[123.01200866699219,13.137689590454215],[123.03885650634777,13.139389991760368],[123.05744171142635,13.116009712219352],[123.06553649902355,13.096050262451172],[123.09613037109375,13.060810089111555],[123.10233306884811,13.03407955169672],[123.12284088134766,13.024849891662654],[123.15778350830101,12.96222019195551],[123.1616668701173,12.942219734191951],[123.18332672119175,12.914440155029297],[123.22207641601562,12.905859947204704],[123.23388671875023,12.911390304565543],[123.27055358886719,12.895000457763672],[123.28250122070324,12.880559921264648],[123.27610778808605,12.867500305176009],[123.28778839111374,12.8185396194458],[123.3125,12.783060073852596],[123.32888793945312,12.770279884338493],[123.34483337402378,12.746950149536133],[123.372352600098,12.722109794616813],[123.38472747802734,12.69334983825695],[123.35944366455124,12.696109771728572],[123.3125,12.75055980682373],[123.30972290039108,12.770000457763786],[123.29165649414074,12.798330307006836],[123.26860809326195,12.813329696655387],[123.26334381103527,12.830829620361442],[123.24166870117188,12.838890075683821],[123.19917297363304,12.841389656066838],[123.1786117553711,12.874719619750977],[123.1616668701173,12.88943958282465],[123.15083312988327,12.887780189514274],[123.12110900878906,12.912500381469727],[123.0986099243164,12.939999580383244],[123.07833099365246,12.956390380859432],[123.06555175781261,12.97778034210205],[123.0602798461914,12.999170303344783],[123.02834320068371,12.997500419616813],[123.00991821289062,13.008390426635799],[122.9857330322269,13.00607967376709],[122.96707153320312,13.020259857177678],[122.96183776855503,13.034000396728459],[122.94313812255893,13.053669929504338],[122.95092773437511,13.08411026000988],[122.93167877197311,13.105059623718319],[122.93715667724655,13.119489669799748],[122.975379943848,13.132610321044865],[122.99568176269531,13.158860206603947]]]]}},{"type":"Feature","id":70,"properties":{"areaId":"bicol","name":"Bicol","province":"Sorsogon"},"geometry":{"type":"Polygon","coordinates":[[[123.48042297363327,12.988889694213867],[123.4893417358403,13.000559806823844],[123.53874206543014,13.02221965789795],[123.57494354248047,13.030989646911735],[123.58585357666061,13.021849632263297],[123.61443328857422,13.020380020141715],[123.62740325927734,13.0139999389649],[123.65947723388717,13.016940116882381],[123.66713714599621,13.025650024414176],[123.73374176025425,13.024089813232365],[123.74453735351608,12.999589920044059],[123.7626571655278,12.996520042419434],[123.76864624023472,12.985830307006836],[123.79743194580124,13.012559890747184],[123.8610610961914,13.041609764099348],[123.89394378662155,13.037569999694938],[123.91374969482433,13.054809570312557],[123.92381286621094,13.094960212707576],[123.93997192382847,13.118100166320914],[123.96089935302768,13.101579666137923],[124.00026702880882,13.085040092468375],[124.03820800781284,13.041279792785588],[124.0659790039067,13.032329559326172],[124.07238006591797,13.009889602661246],[124.09443664550781,13.011110305786133],[124.10472106933628,13.034440040588436],[124.10700225830112,13.058989524841365],[124.13197326660202,13.075449943542537],[124.1901321411134,13.06632995605463],[124.19907379150402,13.022069931030273],[124.18971252441452,13.010479927063216],[124.1624374389653,13.00547027587902],[124.14273834228538,12.982049942016715],[124.15199279785179,12.97150993347168],[124.14193725585938,12.933059692382812],[124.12750244140625,12.928890228271598],[124.12261962890648,12.894869804382381],[124.1482925415039,12.892970085144157],[124.14122772216797,12.874170303344727],[124.1577835083009,12.853890419006348],[124.14830017089844,12.847350120544377],[124.15583038330112,12.829449653625545],[124.14968872070324,12.796509742736816],[124.15139007568371,12.776940345764217],[124.13139343261741,12.732219696045036],[124.14250183105469,12.69917011260992],[124.13054656982422,12.692500114440975],[124.13388824462936,12.662500381469954],[124.09467315673851,12.63551044464117],[124.10832977294967,12.592220306396598],[124.08833312988281,12.586669921875],[124.09805297851562,12.55694961547863],[124.0783309936528,12.53582954406744],[124.0513916015625,12.539719581604118],[124.0441665649414,12.532779693603516],[124.00305175781284,12.539719581604118],[123.97334289550793,12.557220458984489],[123.95555877685581,12.57721996307373],[123.93723297119186,12.611390113830623],[123.91610717773438,12.619170188903922],[123.91278076171886,12.635829925537166],[123.87583160400425,12.655559539795036],[123.8600006103519,12.689169883728141],[123.84889221191418,12.722220420837346],[123.8452835083009,12.79944038391119],[123.83027648925781,12.828060150146484],[123.8636093139653,12.860560417175407],[123.86805725097668,12.873330116271916],[123.89749908447266,12.85443973541254],[123.94416809082065,12.85027980804449],[123.9499969482423,12.876390457153434],[123.98555755615268,12.880000114441032],[123.99623870849643,12.868180274963322],[124.01573944091797,12.876259803771973],[124.02644348144577,12.890370368957633],[124.02722167968761,12.908100128173942],[124.0413970947269,12.924940109252873],[124.03256225585949,12.96374988555931],[124.01249694824219,12.971110343933162],[123.96916961669945,12.954999923706282],[123.93860626220703,12.958330154419173],[123.92333221435581,12.978059768676701],[123.88221740722656,12.971940040588322],[123.8836135864259,12.95221996307373],[123.86028289794922,12.921939849853572],[123.85415649414085,12.897500038147257],[123.83721923828125,12.904170036316145],[123.82833099365303,12.874719619750977],[123.81424713134766,12.87493038177496],[123.79611206054722,12.862500190735147],[123.78111267089866,12.868330001831055],[123.76167297363281,12.863610267639103],[123.74388885498058,12.845279693603743],[123.73388671875011,12.844719886779728],[123.71555328369186,12.884719848632926],[123.68417358398438,12.882220268249512],[123.67500305175781,12.92249965667719],[123.65249633789062,12.898610115051213],[123.66194152832031,12.889169692993278],[123.65222167968795,12.869999885559025],[123.62389373779297,12.894169807434196],[123.58833312988327,12.905280113220329],[123.58666992187545,12.91222000122093],[123.55500030517624,12.946390151977653],[123.53500366210938,12.939439773559627],[123.5113906860355,12.95806026458746],[123.4922332763673,12.98361015319847],[123.48042297363327,12.988889694213867]]]}},{"type":"Feature","id":56,"properties":{"areaId":"cordillera","name":"Cordillera","provinces":["Abra","Apayao","Benguet","Ifugao","Kalinga","Mountain Province","Nueva Vizcaya"]},"geometry":{"type":"Polygon","coordinates":[[[120.85827636718784,17.188180923461914],[120.85764312744175,17.187379837036246],[120.85569000244152,17.185300827026595],[120.85047149658226,17.18166923522955],[120.84429168701206,17.178409576416072],[120.83545684814499,17.17296028137207],[120.81440734863315,17.15637016296398],[120.8084869384769,17.15019035339361],[120.80039978027366,17.14059066772461],[120.79102325439464,17.127950668335075],[120.78621673583984,17.11939048767084],[120.7818374633789,17.113950729370174],[120.78054809570324,17.110370635986442],[120.77886199951217,17.10302925109869],[120.77745056152344,17.095779418945426],[120.77675628662155,17.090990066528548],[120.77557373046886,17.083370208740234],[120.7743377685548,17.075290679931584],[120.77522277832054,17.063299179077262],[120.77558898925793,17.05814933776867],[120.77739715576206,17.049980163574332],[120.77793884277344,17.047420501709098],[120.77893066406284,17.046089172363338],[120.78045654296909,17.041299819946232],[120.78189849853538,17.02765083312994],[120.78289031982422,17.021699905395508],[120.7843704223634,17.01720046997076],[120.78485870361351,17.01284980773937],[120.78530883789074,17.00930023193382],[120.7856903076173,17.000629425049055],[120.78610992431686,16.997020721435604],[120.7871932983403,16.987800598144645],[120.78681182861374,16.972099304199276],[120.78636932373081,16.969060897827262],[120.78618621826195,16.967649459838924],[120.78581237792991,16.965639114379883],[120.78530120849621,16.963159561157227],[120.78518676757812,16.962549209594727],[120.78514099121116,16.962280273437443],[120.78484344482456,16.959899902343977],[120.78486633300781,16.957370758056754],[120.78443908691406,16.952390670776424],[120.78309631347656,16.948999404907227],[120.77987670898472,16.94318962097168],[120.77546691894531,16.93483924865734],[120.77310180664074,16.931850433349553],[120.76978302001976,16.928880691528377],[120.76757049560558,16.927049636840763],[120.76080322265659,16.9238796234132],[120.7589797973634,16.922809600830305],[120.75670623779308,16.921360015869084],[120.75360107421875,16.91938972473156],[120.74994659423851,16.917539596557674],[120.7464599609375,16.915279388427734],[120.74340057373081,16.913709640502987],[120.7391128540039,16.912849426269645],[120.73438262939464,16.912330627441406],[120.72847747802746,16.91168022155756],[120.71790313720726,16.912139892578125],[120.7020263671875,16.912380218505973],[120.70157623291027,16.912349700927848],[120.70126342773438,16.912330627441406],[120.6897201538086,16.911579132080135],[120.67900848388672,16.910890579223633],[120.67151641845703,16.910480499267692],[120.6660385131836,16.909149169921932],[120.66297912597679,16.908470153808707],[120.65904998779308,16.90724945068365],[120.65495300293003,16.905460357666072],[120.65091705322266,16.902929306030273],[120.64694976806663,16.899950027465763],[120.64337158203125,16.89570045471197],[120.64109039306686,16.892259597778377],[120.6388397216798,16.888019561767578],[120.63791656494175,16.885950088501204],[120.63604736328125,16.87871932983404],[120.6340103149414,16.87088012695324],[120.63318634033203,16.864540100097884],[120.63213348388717,16.860519409179744],[120.63162231445347,16.85605049133312],[120.63037872314453,16.849929809570256],[120.63031005859375,16.84407997131342],[120.62970733642624,16.840579986572322],[120.62940979003929,16.83556938171398],[120.62859344482422,16.828710556030217],[120.62793731689499,16.823970794677734],[120.62764739990234,16.814559936523665],[120.62719726562511,16.809619903564453],[120.62580108642578,16.801029205322266],[120.62518310546886,16.797210693359602],[120.62444305419945,16.791280746460075],[120.62325286865234,16.782150268554744],[120.62317657470714,16.776670455932617],[120.6222381591798,16.76894950866705],[120.6218872070317,16.76271057128912],[120.6212387084961,16.756460189819336],[120.62090301513683,16.750879287719783],[120.62062835693382,16.746360778808537],[120.62081146240268,16.74328041076683],[120.62085723876953,16.742279052734602],[120.62033843994152,16.738189697265625],[120.62007904052734,16.734329223632926],[120.62032318115246,16.730680465698185],[120.61842346191418,16.728599548339957],[120.6175308227539,16.722999572753963],[120.61646270751953,16.71906089782715],[120.61528778076195,16.7144393920899],[120.61432647705112,16.71084976196289],[120.61280059814487,16.70469093322754],[120.61118316650402,16.70208930969244],[120.61057281494186,16.699680328369254],[120.6103973388673,16.69779014587425],[120.60794067382824,16.691440582275618],[120.60381317138672,16.685020446777344],[120.60150146484375,16.68161964416504],[120.59986877441406,16.678659439087028],[120.59898376464866,16.67782974243164],[120.59829711914097,16.675489425659237],[120.5968017578125,16.67365074157709],[120.5958862304692,16.672729492187614],[120.59422302246139,16.67044067382824],[120.59207153320358,16.66893005371088],[120.5894470214846,16.667259216308594],[120.58763122558616,16.6658992767334],[120.58708953857422,16.66547966003418],[120.58704376220737,16.665430068969783],[120.58450317382858,16.663150787353516],[120.58445739746105,16.663099288940487],[120.58348083496094,16.661739349365348],[120.58294677734386,16.659839630127067],[120.58043670654342,16.65924072265625],[120.57681274414108,16.65213012695324],[120.5631484985355,16.630920410156364],[120.5418930053711,16.607509613037166],[120.55168914794967,16.602630615234432],[120.55880737304699,16.596960067749137],[120.54844665527389,16.584180831909293],[120.54263305664062,16.57795906066906],[120.53598022460938,16.57139015197754],[120.5145263671875,16.547100067138786],[120.51438903808616,16.54693984985363],[120.49664306640659,16.541160583496094],[120.49331665039085,16.5338592529298],[120.47992706298874,16.513729095459098],[120.47424316406273,16.505289077758903],[120.47155761718761,16.50296020507824],[120.47091674804688,16.502050399780273],[120.47048950195312,16.501180648803825],[120.46984100341808,16.499639511108455],[120.46956634521507,16.498559951782454],[120.4692993164067,16.49744987487793],[120.4690628051759,16.49566078186035],[120.46913146972656,16.494440078735465],[120.46967315673874,16.490930557251204],[120.47058868408214,16.48451042175293],[120.47178649902378,16.477340698242415],[120.47357177734398,16.4649600982666],[120.47637176513706,16.450529098510742],[120.47894287109375,16.438289642333984],[120.48327636718761,16.41539001464855],[120.48522186279297,16.407070159912166],[120.48735046386719,16.391210556030273],[120.48731994628906,16.384269714355696],[120.48549652099632,16.37677001953125],[120.48631286621094,16.373870849609318],[120.48724365234409,16.37000083923334],[120.48809051513672,16.364170074462947],[120.48827362060547,16.35920906066906],[120.49076843261719,16.35527992248535],[120.49281311035168,16.351669311523494],[120.49458312988281,16.348369598388786],[120.49520874023449,16.346349716186467],[120.49620056152378,16.344150543213004],[120.49600219726608,16.340250015259016],[120.49693298339855,16.337429046630916],[120.49751281738304,16.335510253906364],[120.49829864501987,16.33291053771967],[120.49875640869163,16.32991027832054],[120.49875640869163,16.32842063903803],[120.49897003173828,16.32508087158203],[120.49951934814476,16.323200225830192],[120.49997711181652,16.3210506439209],[120.50026702880893,16.319509506225586],[120.5005722045903,16.317800521850586],[120.50093841552746,16.315059661865234],[120.50121307373081,16.312889099121094],[120.50141143798862,16.310680389404297],[120.50186157226608,16.30985069274908],[120.50283050537121,16.30820083618164],[120.5035629272461,16.306179046630916],[120.50369262695347,16.30418968200678],[120.50377655029308,16.303449630737305],[120.50411224365234,16.301170349121207],[120.5048294067384,16.298099517822266],[120.50537109375,16.294790267944393],[120.50565338134766,16.293720245361328],[120.50624847412155,16.288839340210018],[120.50640869140625,16.287479400634822],[120.50727081298862,16.28399085998558],[120.50755310058594,16.281999588012695],[120.50865173339878,16.27879905700695],[120.50975036621128,16.275499343872013],[120.5096435546875,16.27330017089855],[120.51004028320312,16.270959854125977],[120.51055908203159,16.26868057250971],[120.5106811523442,16.267000198364315],[120.51065063476574,16.265350341796875],[120.5105972290039,16.263469696045036],[120.51170349121128,16.258390426635856],[120.51233673095703,16.255889892578182],[120.51293945312511,16.252769470214844],[120.51332855224621,16.250749588012695],[120.51364135742188,16.247900009155387],[120.51383972167969,16.245819091796932],[120.51441192626953,16.242919921875057],[120.51406860351608,16.239549636841048],[120.51342773437534,16.238319396972656],[120.51249694824219,16.237009048461914],[120.54736328125011,16.221700668335018],[120.60330963134766,16.20762062072754],[120.61116790771496,16.204610824585075],[120.62600708007812,16.201789855957145],[120.65534210205101,16.18766021728527],[120.69727325439453,16.191459655761776],[120.75750732421909,16.20026969909668],[120.76886749267578,16.20137023925787],[120.79931640625,16.188829421997127],[120.8134994506836,16.182989120483626],[120.82599639892578,16.177839279175032],[120.83719635009777,16.173219680786246],[120.84138488769543,16.171499252319336],[120.84091949462925,16.171060562133846],[120.85289764404297,16.143419265747298],[120.85723876953148,16.132850646972713],[120.86844635009811,16.123340606689396],[120.87041473388717,16.1203670501709],[120.87995147705124,16.10592079162592],[120.9308090209961,16.120229721069393],[120.94647216796886,16.122270584106502],[120.98803710937545,16.127559661865234],[121.0021591186528,16.125730514526367],[121.0264663696289,16.126089096069336],[121.04326629638672,16.12019920349121],[121.0702133178711,16.11533927917492],[121.07488250732467,16.114349365234432],[121.08081054687534,16.111829757690487],[121.0842437744144,16.11080932617199],[121.08846282958984,16.109849929809798],[121.09187316894565,16.10911941528326],[121.09864044189453,16.107700347900334],[121.10360717773438,16.106819152832145],[121.10977935791061,16.10601997375494],[121.11652374267612,16.10670089721691],[121.13546752929688,16.107160568237248],[121.14956665039062,16.10123062133789],[121.15724182128918,16.09715080261236],[121.16145324707043,16.095750808715877],[121.1615371704105,16.095720291137752],[121.16773223876964,16.093660354614315],[121.17539215087936,16.090759277343864],[121.18363952636719,16.08009910583496],[121.18618774414062,16.072370529175032],[121.18845367431663,16.048460006713867],[121.19270324707077,16.000900268554744],[121.19700622558605,15.956250190734977],[121.195068359375,15.936579704284611],[121.19567108154308,15.92848014831543],[121.1980209350586,15.90806961059576],[121.20513153076183,15.894800186157227],[121.21073150634766,15.885580062866211],[121.22154998779342,15.86631011962885],[121.23535919189487,15.854009628296012],[121.25216674804688,15.826029777526912],[121.26492309570347,15.804809570312727],[121.27300262451217,15.790149688720703],[121.27871704101608,15.77958965301525],[121.28172302246116,15.770520210266113],[121.28421020507812,15.771300315856877],[121.30579376220703,15.786749839782658],[121.3134384155278,15.792770385742244],[121.31420898437511,15.793390274047908],[121.36551666259777,15.834670066833496],[121.37239837646496,15.840200424194336],[121.37938690185547,15.845820426940918],[121.41623687744186,15.875410079956168],[121.46157073974643,15.911729812622184],[121.46736907958996,15.916370391845817],[121.46753692626953,15.916509628295955],[121.46764373779297,15.916589736938477],[121.46513366699253,15.917650222778434],[121.46425628662132,15.919469833374137],[121.45349121093795,15.929140090942383],[121.37288665771507,15.997269630432186],[121.36340332031295,16.005210876464844],[121.34268188476597,16.021520614623967],[121.32211303710938,16.039409637451115],[121.31865692138706,16.087879180908203],[121.30589294433594,16.17550086975109],[121.30200195312511,16.20927047729515],[121.29950714111374,16.236450195312727],[121.29370880126964,16.280860900878963],[121.3160171508789,16.28916931152338],[121.33171844482422,16.294689178466854],[121.3568496704105,16.30443954467796],[121.39411163330124,16.320930480957088],[121.42534637451195,16.333929061889762],[121.43797302246094,16.338920593261832],[121.43911743164062,16.363290786743164],[121.44001770019565,16.382930755615178],[121.44011688232433,16.385910034179688],[121.44376373291061,16.399400711059627],[121.44848632812511,16.417179107666072],[121.45149993896484,16.427949905395508],[121.42571258544956,16.42802047729498],[121.41961669921898,16.430009841918945],[121.40274810791061,16.43511962890625],[121.37947082519554,16.451089859008846],[121.38120269775436,16.464450836181697],[121.38208770751953,16.47015953063965],[121.38471221923851,16.48719024658203],[121.3873291015625,16.506820678710938],[121.38829803466797,16.51597976684576],[121.39531707763717,16.542030334472713],[121.39665222168014,16.551340103149414],[121.39778137207054,16.56562042236328],[121.3998031616211,16.581630706787223],[121.40374755859375,16.62051963806158],[121.40737915039062,16.640819549560547],[121.40908813476562,16.641529083252067],[121.40422058105514,16.64715003967308],[121.40244293212925,16.648799896240178],[121.40260314941406,16.651569366455135],[121.40263366699253,16.65191078186058],[121.40270996093761,16.653350830078125],[121.40202331542969,16.661569595336914],[121.40107727050781,16.672719955444336],[121.40068054199219,16.68275070190424],[121.40058135986328,16.685260772705078],[121.40049743652344,16.687440872192496],[121.3932266235355,16.69347953796381],[121.39134979248047,16.695039749145565],[121.39115142822266,16.69519996643072],[121.37864685058594,16.708209991455135],[121.35690307617188,16.730819702148494],[121.3414306640625,16.746900558471623],[121.34089660644577,16.747930526733455],[121.34028625488281,16.748460769653434],[121.33986663818371,16.748840332031193],[121.33878326416016,16.748970031738338],[121.33715820312534,16.748340606689567],[121.33598327636741,16.74753952026373],[121.3350067138673,16.747270584106502],[121.33518218994186,16.748540878295955],[121.33564758300781,16.7504501342774],[121.33537292480514,16.75145912170416],[121.33625030517612,16.75320053100586],[121.33525848388672,16.75470924377447],[121.33306884765625,16.755840301513672],[121.33133697509766,16.75564956665039],[121.3306503295903,16.754989624023438],[121.33104705810581,16.755569458007812],[121.33244323730503,16.756500244140625],[121.33390808105503,16.75728034973139],[121.3365097045903,16.758369445800895],[121.33821105957031,16.758680343628043],[121.33978271484386,16.758859634399414],[121.34204101562545,16.759170532226562],[121.34353637695312,16.759529113769474],[121.34532165527355,16.760490417480412],[121.34623718261764,16.761850357055778],[121.34644317626964,16.764429092407283],[121.34629821777389,16.765579223632926],[121.34615325927734,16.766830444335938],[121.34551239013683,16.768320083618278],[121.34443664550781,16.76951026916504],[121.34324645996139,16.77012062072754],[121.3420181274414,16.770389556884822],[121.34171295166061,16.770460128784407],[121.33999633789108,16.770879745483512],[121.33821868896484,16.772439956665096],[121.3375473022461,16.773330688476562],[121.33656311035202,16.775070190429744],[121.3362808227539,16.776369094848576],[121.33676147460983,16.778129577636946],[121.33692169189464,16.778329849243164],[121.33779144287132,16.77943038940441],[121.3388137817384,16.780349731445312],[121.34049987792969,16.781499862670955],[121.34195709228516,16.781999588012923],[121.34391784667969,16.781949996948356],[121.34590148925804,16.78160095214855],[121.34777069091842,16.781309127807674],[121.34924316406273,16.780939102172795],[121.34971618652366,16.78082084655773],[121.3514328002932,16.780799865722884],[121.3527984619144,16.780380249023438],[121.35431671142612,16.778640747070312],[121.35484313964855,16.77739906311041],[121.35478973388672,16.776420593261946],[121.35488891601597,16.776660919189453],[121.35517120361328,16.778400421142635],[121.35516357421875,16.77993965148937],[121.35485839843761,16.781740188598633],[121.354736328125,16.784030914306584],[121.35507965087925,16.786180496215877],[121.35571289062534,16.78760910034191],[121.35630798339844,16.78850936889654],[121.35777282714844,16.789110183715934],[121.35986328125,16.7893390655517],[121.36176300048862,16.78939056396507],[121.36463165283203,16.789720535278263],[121.36620330810581,16.790050506592024],[121.36846160888672,16.789630889892578],[121.36927795410156,16.789310455322322],[121.37049102783214,16.78915977478033],[121.37139892578125,16.789499282837028],[121.37120819091797,16.79023933410656],[121.3716278076173,16.791719436645735],[121.37225341796909,16.79221916198736],[121.37196350097656,16.79225921630865],[121.37100219726562,16.792600631713924],[121.37016296386719,16.79353904724144],[121.36908721923828,16.794759750366154],[121.36779022216842,16.79590034484869],[121.36712646484375,16.796659469604606],[121.36660766601562,16.798460006713867],[121.36670684814499,16.79940986633312],[121.36737060546875,16.79980087280279],[121.36829376220737,16.799760818481502],[121.36949157714844,16.799560546875114],[121.37065887451217,16.799150466919002],[121.37225341796909,16.798400878906364],[121.37303924560547,16.797649383544922],[121.37645721435547,16.797149658203125],[121.37753295898449,16.79674911499029],[121.37911224365268,16.796360015869197],[121.38082885742222,16.796009063720817],[121.3841476440432,16.795660018920955],[121.38703155517578,16.795970916748274],[121.38923645019531,16.796169281005916],[121.39057159423828,16.796709060669002],[121.39108276367199,16.79731941223156],[121.39185333251964,16.799020767212028],[121.39212799072277,16.799989700317496],[121.39269256591797,16.80105972290039],[121.39301300048851,16.802719116210994],[121.39376068115246,16.803770065307617],[121.39389038085938,16.805019378662053],[121.3952407836914,16.80607986450218],[121.39623260498058,16.80639076232916],[121.39713287353516,16.806539535522575],[121.39836883544967,16.806089401245117],[121.39956665039074,16.805580139160213],[121.40065765380905,16.80493927001953],[121.4017333984375,16.804260253906477],[121.40263366699253,16.803600311279524],[121.40357208251964,16.803310394287053],[121.40434265136753,16.803499221801758],[121.40567016601574,16.80374908447277],[121.40798950195335,16.80545043945324],[121.41058349609409,16.80821037292486],[121.41240692138672,16.810539245605526],[121.41378784179699,16.813640594482422],[121.41362762451217,16.813720703125],[121.4143524169923,16.81533050537132],[121.41586303710983,16.81772041320812],[121.41813659667969,16.819990158081055],[121.4205322265625,16.82052993774414],[121.42263793945312,16.821289062500114],[121.42381286621116,16.821720123291243],[121.42529296875,16.823909759521428],[121.42575073242188,16.82489967346197],[121.42666625976597,16.826890945434684],[121.4277267456057,16.8294296264649],[121.42595672607422,16.831180572509766],[121.42587280273438,16.831190109252873],[121.43055725097668,16.836399078369368],[121.43366241455112,16.838319778442496],[121.43521118164062,16.838960647583008],[121.4353637695317,16.83892059326172],[121.43724822998058,16.837610244750977],[121.43859100341808,16.83629035949707],[121.4392318725586,16.83513069152832],[121.44037628173828,16.833810806274414],[121.44300079345749,16.832170486450252],[121.44497680664097,16.831180572509766],[121.4469680786134,16.830440521240234],[121.44862365722656,16.82950973510748],[121.45142364501953,16.829050064086914],[121.45526123046886,16.828439712524357],[121.4580688476567,16.828479766845646],[121.46278381347702,16.829620361328182],[121.46665954589878,16.831260681152344],[121.46938323974643,16.83241081237793],[121.4710311889653,16.833209991455192],[121.47245025634788,16.83390045166027],[121.47416687011741,16.83456993103033],[121.47434234619175,16.8346405029298],[121.47794342041016,16.83510017395014],[121.48032379150436,16.835239410400447],[121.48184204101562,16.835399627685547],[121.48600769042969,16.836069107055607],[121.48816680908214,16.83699989318859],[121.48832702636719,16.837070465087834],[121.49086761474655,16.837799072265625],[121.49331665039074,16.83844947814964],[121.49536895751953,16.838220596313477],[121.49845123291061,16.837440490722713],[121.50074005126999,16.837379455566406],[121.50312805175781,16.83728981018072],[121.50668334960949,16.837770462036076],[121.5091934204105,16.83819007873535],[121.51042938232422,16.838819503784123],[121.51068115234386,16.838949203491268],[121.51228332519531,16.840250015258732],[121.51461791992188,16.841650009155387],[121.51712036132812,16.842599868774414],[121.51915740966808,16.843730926513615],[121.5277481079105,16.847129821777344],[121.53025054931663,16.847719192504883],[121.53437042236362,16.850709915161246],[121.53742218017612,16.852220535278434],[121.54084014892624,16.853580474853572],[121.54495239257812,16.854089736938704],[121.54691314697277,16.85536956787115],[121.54615020751964,16.856880187988338],[121.547157287598,16.859970092773494],[121.54949951171909,16.860940933227596],[121.55132293701195,16.861299514770508],[121.55285644531295,16.861709594726676],[121.55532073974621,16.863140106201286],[121.55541229248081,16.864770889282454],[121.55552673339889,16.86484909057623],[121.5572662353519,16.866140365600586],[121.56047821044945,16.868570327758846],[121.56334686279342,16.869539260864485],[121.56609344482456,16.871419906616325],[121.56407928466808,16.873989105224666],[121.56281280517578,16.87578010559082],[121.56536865234375,16.879720687866268],[121.57132720947277,16.882839202880803],[121.57409667968784,16.885770797729492],[121.57813262939453,16.889030456542912],[121.57978820800781,16.89174079895031],[121.58055877685547,16.89554977416998],[121.58217620849655,16.897380828857422],[121.58505249023449,16.899810791015682],[121.58724212646484,16.90146064758312],[121.5891571044923,16.90480041503912],[121.59026336669956,16.90817070007347],[121.59114074707077,16.916790008544865],[121.58879852294945,16.92038917541504],[121.58638763427746,16.937929153442383],[121.58466339111374,16.946840286254996],[121.5801391601567,16.956989288330192],[121.5809707641605,16.963579177856673],[121.57942199707031,16.972530364990234],[121.57911682128906,16.982410430908146],[121.57850646972679,16.987689971923942],[121.57436370849655,16.992069244384822],[121.56816864013672,17.004840850830135],[121.56445312500011,17.022819519043026],[121.56199645996105,17.029449462890625],[121.56008148193371,17.034410476684684],[121.5560073852539,17.048809051513672],[121.55502319335972,17.06571006774925],[121.55433654785202,17.071090698242244],[121.55410766601562,17.07188987731945],[121.56236267089855,17.09514045715332],[121.56208801269565,17.096349716186523],[121.56207275390636,17.09643936157238],[121.56150817871128,17.100780487060604],[121.5622329711914,17.101839065551815],[121.56037902832054,17.13640975952154],[121.56054687500011,17.137859344482365],[121.56050109863315,17.139930725097713],[121.56047821044945,17.140750885009766],[121.55998992919956,17.143329620361442],[121.56008911132824,17.146249771118164],[121.56028747558616,17.14921951293951],[121.55989074707043,17.151350021362532],[121.55970001220714,17.153839111328125],[121.55742645263695,17.156240463256836],[121.55734252929688,17.156999588012752],[121.55721282958996,17.157989501953125],[121.55674743652378,17.158750534057617],[121.55645751953136,17.159570693969727],[121.55606842041027,17.1606502532959],[121.55499267578125,17.163360595703125],[121.55484771728538,17.165479660034237],[121.55470275878906,17.168899536132812],[121.55470275878906,17.1689395904541],[121.55471801757858,17.169050216674805],[121.55502319335972,17.17144966125494],[121.55545043945312,17.172660827636662],[121.55491638183605,17.173870086670036],[121.5543670654298,17.176259994506836],[121.55487823486328,17.177890777588004],[121.55629730224655,17.178829193115348],[121.55695343017601,17.180349349975813],[121.55657196044945,17.183080673217887],[121.55580139160179,17.188640594482422],[121.55563354492188,17.18927001953125],[121.55531311035168,17.19046974182129],[121.5551223754884,17.191799163818473],[121.55490875244186,17.193460464477653],[121.55431365966797,17.19511985778803],[121.55412292480469,17.196950912475643],[121.55410766601562,17.198619842529354],[121.55387878418003,17.199909210205078],[121.55371093750023,17.20078086853033],[121.55371093750023,17.20347023010254],[121.55371093750023,17.204280853271484],[121.55330657959018,17.206790924072322],[121.55269622802734,17.207969665527344],[121.55230712890659,17.21062088012718],[121.55191040039108,17.21393966674816],[121.55171203613327,17.218439102172965],[121.55169677734386,17.22411918640131],[121.55149841308605,17.228290557861328],[121.55126953125,17.233119964599666],[121.55127716064499,17.23327064514183],[121.55184173583984,17.24225044250494],[121.54968261718784,17.25091934204113],[121.54975128173874,17.279180526733512],[121.57058715820335,17.322959899902287],[121.57885742187511,17.342569351196516],[121.59203338623081,17.370279312133903],[121.60453033447277,17.396600723266715],[121.65988159179722,17.43169021606468],[121.67498016357422,17.444799423217717],[121.66787719726608,17.453130722046012],[121.67162322998047,17.46384048461914],[121.67120361328148,17.475660324096793],[121.67030334472702,17.490329742431584],[121.66748809814499,17.49505996704113],[121.65605163574264,17.508220672607536],[121.64176940917969,17.52072906494152],[121.63316345214889,17.530189514160213],[121.6280136108403,17.535610198974666],[121.61683654785179,17.54803085327171],[121.60061645507847,17.56425094604515],[121.5938873291019,17.570280075073356],[121.58680725097702,17.577239990234375],[121.57334899902366,17.590240478515625],[121.5585403442384,17.605140686035213],[121.55313110351585,17.612020492553825],[121.55280303955124,17.612209320068303],[121.5430679321289,17.617769241333065],[121.53794097900402,17.621370315551758],[121.53373718261764,17.62466049194336],[121.53282928466842,17.625049591064453],[121.53228759765625,17.62538909912115],[121.53028869628906,17.62665939331066],[121.5263366699221,17.628690719604492],[121.52564239501964,17.629129409789982],[121.5236968994144,17.63014984130882],[121.52294921875,17.6313095092774],[121.51970672607422,17.635559082031364],[121.51683807373047,17.640470504760856],[121.513671875,17.64673995971674],[121.51178741455078,17.646509170532227],[121.51098632812523,17.64821052551264],[121.50850677490257,17.650539398193303],[121.50554656982445,17.652860641479606],[121.49770355224621,17.658039093017578],[121.49569702148449,17.658700942993107],[121.49199676513683,17.661680221557617],[121.48657226562523,17.66654014587408],[121.48100280761719,17.671350479125977],[121.47982025146518,17.672370910644645],[121.47958374023449,17.672580718994368],[121.47911071777378,17.672580718994368],[121.47825622558605,17.672840118408317],[121.47737884521484,17.67371940612793],[121.47622680664062,17.67460060119629],[121.47467041015659,17.675319671630973],[121.47337341308594,17.675579071044922],[121.47228240966797,17.67551994323736],[121.47128295898449,17.67577934265131],[121.46997070312523,17.67567062377941],[121.46925354003906,17.675649642944336],[121.46852874755871,17.674999237060547],[121.46734619140625,17.67400932312023],[121.46637725830078,17.673109054565373],[121.4660263061528,17.67210960388195],[121.46576690673862,17.671730041504134],[121.46542358398438,17.671310424804688],[121.4649124145509,17.671119689941406],[121.4645767211914,17.6709499359132],[121.46412658691418,17.67085075378418],[121.46357727050793,17.670299530029524],[121.46296691894577,17.669979095459098],[121.46243286132824,17.66951942443859],[121.46170043945347,17.66901016235363],[121.46070098876964,17.668609619140625],[121.4599227905278,17.668130874633846],[121.45968627929688,17.667749404907283],[121.4595336914067,17.667470932006893],[121.4595336914067,17.667419433593693],[121.45944213867188,17.66708946228033],[121.45852661132835,17.66607093811041],[121.4583435058596,17.6657390594483],[121.45716094970703,17.66366004943842],[121.45646667480469,17.663810729980412],[121.45578002929733,17.663839340210018],[121.45433044433616,17.66283035278326],[121.45300292968773,17.662200927734432],[121.45157623291061,17.66185951232933],[121.45057678222702,17.66139984130865],[121.44925689697277,17.66176033020014],[121.4482421875,17.662889480590763],[121.44715118408214,17.664419174194393],[121.44580841064499,17.66485977172846],[121.44489288330101,17.664590835571403],[121.44342041015625,17.66400909423828],[121.44278717041027,17.664100646972884],[121.44023895263672,17.666200637817383],[121.43977355957065,17.66683006286621],[121.43939208984409,17.6690292358399],[121.43850708007835,17.669889450073242],[121.43785095214889,17.67079925537115],[121.43792724609398,17.672180175781364],[121.43842315673874,17.67416954040533],[121.44072723388706,17.68210983276373],[121.4422073364259,17.687160491943303],[121.44297790527355,17.689769744873104],[121.44167327880893,17.692979812622184],[121.44119262695312,17.693439483642692],[121.44017791748047,17.69371032714855],[121.43984985351562,17.69444084167492],[121.43801879882824,17.69802093505865],[121.43717193603538,17.699920654296875],[121.43607330322311,17.700710296630803],[121.43457031250011,17.702720642089787],[121.43360900878918,17.704980850219783],[121.43280792236328,17.70643997192377],[121.43257904052768,17.70916938781744],[121.43295288085972,17.71184921264654],[121.43251037597702,17.71394920349121],[121.43090057373047,17.7139892578125],[121.43106842041038,17.716190338134766],[121.43206024169922,17.718059539794865],[121.43144226074241,17.72089004516613],[121.4317092895509,17.722980499267692],[121.43213653564487,17.724170684814396],[121.43055725097668,17.725999832153434],[121.43020629882835,17.728740692138615],[121.42977905273483,17.730970382690487],[121.42994689941406,17.731859207153548],[121.42990112304722,17.732589721679744],[121.43084716796886,17.735019683838004],[121.43157958984375,17.735580444335938],[121.4261474609375,17.74294090270996],[121.41793060302734,17.751880645751953],[121.37676239013717,17.793569564819393],[121.3667907714846,17.80220031738287],[121.36270141601608,17.8065700531007],[121.32800292968784,17.802970886230526],[121.32769775390625,17.803800582885742],[121.32737731933605,17.8044109344483],[121.32536315917969,17.80553054809593],[121.32508087158214,17.805639266967887],[121.32460784912121,17.806110382080135],[121.32369995117188,17.806680679321403],[121.32214355468784,17.807380676269645],[121.3202133178711,17.807899475097713],[121.31886291503906,17.808280944824276],[121.31804656982433,17.80867004394554],[121.31713104248081,17.809400558471737],[121.31629943847702,17.809909820556868],[121.3153915405278,17.810190200805664],[121.31434631347656,17.810440063476676],[121.31362152099655,17.810670852661246],[121.31321716308594,17.81096076965332],[121.31278228759777,17.812099456787053],[121.31242370605491,17.813560485839844],[121.31211090087902,17.814409255981445],[121.31143951416016,17.81509971618658],[121.31020355224621,17.815420150756836],[121.30892181396518,17.815610885620117],[121.30840301513706,17.815740585327262],[121.30790710449264,17.816070556640625],[121.30780792236328,17.81645965576172],[121.3077774047855,17.81670951843273],[121.3079833984375,17.817340850830135],[121.30889129638683,17.81743049621582],[121.30975341796898,17.81743049621582],[121.31123352050781,17.81743049621582],[121.31214904785202,17.817249298095646],[121.31249237060558,17.817310333251953],[121.31257629394531,17.817329406738395],[121.3131332397461,17.817300796509016],[121.31349945068393,17.817209243774357],[121.3153915405278,17.816850662231445],[121.31759643554688,17.816400527954215],[121.31857299804688,17.816190719604492],[121.31977081298851,17.816850662231445],[121.32015228271507,17.818790435791016],[121.31945800781261,17.82007980346691],[121.3180389404298,17.821849822998047],[121.31802368164074,17.823600769043082],[121.31952667236328,17.82480049133312],[121.31846618652378,17.82715988159174],[121.31733703613281,17.828369140625114],[121.31757354736351,17.829580307006893],[121.31870269775425,17.82979011535639],[121.31889343261753,17.82958984375],[121.31983947753918,17.82859039306635],[121.3205032348634,17.827829360962028],[121.3214569091798,17.82715988159174],[121.32269287109375,17.82700920104992],[121.32319641113293,17.826910018920955],[121.32508087158214,17.82629013061529],[121.3254165649414,17.82769012451172],[121.3255767822269,17.845359802246207],[121.33074951171875,17.853269577026424],[121.33704376220703,17.863990783691634],[121.33727264404342,17.86656951904297],[121.34516906738315,17.878950119018555],[121.34776306152389,17.881460189819393],[121.34828186035179,17.882009506225586],[121.35105133056663,17.89278030395502],[121.3537063598634,17.904890060424805],[121.3620376586914,17.92454910278343],[121.36824798584018,17.93921089172369],[121.37679290771496,17.95472908020014],[121.3907928466798,17.98232078552246],[121.41539001464844,18.031080245971793],[121.42714691162121,18.037839889526367],[121.46093750000034,18.05040931701666],[121.4632186889653,18.071689605712834],[121.46439361572266,18.084449768066463],[121.4654312133789,18.0865993499757],[121.47135925293014,18.10643959045416],[121.47431182861328,18.124919891357422],[121.47997283935558,18.13437080383312],[121.48095703125045,18.146820068359432],[121.48175048828125,18.15435981750494],[121.48332214355491,18.16753005981451],[121.48461151123047,18.181190490722713],[121.48748779296875,18.207160949707145],[121.48848724365234,18.21594047546381],[121.48870849609375,18.217809677124137],[121.48918914794922,18.22203063964855],[121.48938751220703,18.22621917724615],[121.4896469116211,18.23958969116211],[121.48838043212913,18.24488067626976],[121.48592376709018,18.25053024291998],[121.48483276367222,18.253030776977482],[121.47982788085972,18.264490127563477],[121.47727203369186,18.270370483398438],[121.4761428833009,18.272829055786246],[121.47606658935581,18.273109436035384],[121.47366333007824,18.27865982055664],[121.47325134277344,18.28074073791504],[121.47191619873047,18.287540435791072],[121.4714584350586,18.288450241088867],[121.46787261962913,18.29534912109375],[121.46721649169967,18.296609878540096],[121.46711730957054,18.300849914550724],[121.46687316894531,18.30146026611328],[121.46674346923828,18.30340957641613],[121.4669418334961,18.308250427246207],[121.45671844482445,18.313280105590934],[121.4404525756836,18.322080612182845],[121.42331695556652,18.3314208984375],[121.42018890380882,18.333259582519645],[121.41983795166016,18.333570480346793],[121.41973876953159,18.333650588989315],[121.41934204101608,18.33389091491705],[121.41886138916038,18.33415031433117],[121.40762329101562,18.340360641479492],[121.39543914794922,18.3471298217774],[121.38179779052734,18.352430343627987],[121.37930297851597,18.35346031188959],[121.37815093994186,18.35412979125988],[121.37590026855469,18.35548019409191],[121.37303924560547,18.35691070556652],[121.37270355224632,18.357070922851676],[121.36966705322266,18.35861968994152],[121.36607360839889,18.36063957214361],[121.35478973388672,18.366960525512695],[121.35093688964878,18.369119644165096],[121.3466186523442,18.371570587158203],[121.34571838378952,18.37208938598627],[121.33306884765625,18.379409790039176],[121.31865692138706,18.388740539550895],[121.30464172363281,18.38932037353527],[121.30252838134766,18.389400482177848],[121.28559112548874,18.390110015869197],[121.27828216552757,18.398269653320426],[121.2489624023442,18.43074989318859],[121.24041748046886,18.431270599365234],[121.22131347656295,18.438329696655217],[121.12661743164062,18.473409652710075],[121.11049652099655,18.478870391845817],[121.0895004272461,18.486099243164062],[121.08867645263706,18.528820037841854],[121.08843994140659,18.5340194702149],[121.08518981933628,18.54108047485346],[121.08299255371094,18.541240692138786],[121.07710266113281,18.540929794311637],[121.06463623046886,18.54033088684082],[121.06226348876964,18.540229797363224],[121.04756164550793,18.5313396453858],[121.0436172485355,18.52919960021984],[121.04223632812511,18.51959037780756],[121.03948211669945,18.506149291992188],[121.02410888671886,18.499780654907283],[121.0032730102539,18.46726036071783],[121.00169372558605,18.466600418090934],[120.98560333251976,18.4599609375],[120.9721908569336,18.45384979248047],[120.96105194091797,18.447460174560547],[120.9610366821289,18.447410583496094],[120.9613723754884,18.446430206298942],[120.96189880371094,18.432949066162053],[120.96157836914108,18.430349349975586],[120.95762634277344,18.423179626464844],[120.95229339599621,18.41257095336914],[120.94898223876976,18.404560089111328],[120.94613647460983,18.396299362182674],[120.94545745849632,18.39071083068859],[120.94579315185547,18.384710311889762],[120.94535827636741,18.38316917419445],[120.94300842285156,18.374900817871094],[120.94271850585972,18.37241935729986],[120.94216918945312,18.368179321289006],[120.94243621826172,18.364530563354492],[120.94406127929688,18.359640121460018],[120.94621276855491,18.352590560913143],[120.94844055175815,18.34485054016119],[120.95246887207031,18.338930130004883],[120.95314788818371,18.33794975280773],[120.95390319824264,18.33662033081049],[120.95442962646484,18.334339141845646],[120.95390319824264,18.330139160156477],[120.95433807373092,18.325099945068416],[120.95435333251987,18.320400238037053],[120.95348358154297,18.315099716186637],[120.95287322998081,18.30528068542486],[120.95130920410156,18.302040100097656],[120.95001983642612,18.299539566040153],[120.94969177246094,18.293729782104606],[120.95002746582054,18.28858947753912],[120.95069122314464,18.281099319458008],[120.95152282714844,18.270980834960938],[120.95334625244152,18.24821090698248],[120.95365905761741,18.244470596313477],[120.95419311523438,18.240049362182674],[120.95535278320347,18.23035049438488],[120.95665740966797,18.2194499969483],[120.95739746093784,18.211759567260742],[120.95739746093784,18.21170997619629],[120.95812225341808,18.20409965515131],[120.95893096923862,18.19866943359375],[120.96140289306675,18.197120666503906],[120.96505737304688,18.193790435791016],[120.96634674072311,18.191680908203182],[120.969276428223,18.18680000305187],[120.9705429077153,18.18345069885254],[120.97310638427757,18.179069519043026],[120.97444915771507,18.175149917602596],[120.97514343261753,18.171070098876896],[120.97596740722679,18.1673908233642],[120.97480773925815,18.163209915161133],[120.97302246093795,18.159759521484375],[120.97048950195358,18.156089782714787],[120.96650695800793,18.1527099609375],[120.96150207519531,18.145690917968807],[120.95834350585983,18.14160919189453],[120.95469665527355,18.13747978210455],[120.95104217529342,18.134500503540266],[120.94866180419922,18.132089614868278],[120.94730377197266,18.129810333252067],[120.94464874267578,18.123739242553768],[120.94154357910179,18.115520477295036],[120.93956756591797,18.1110897064209],[120.93869781494186,18.106649398803654],[120.93647766113315,18.099990844726676],[120.93573760986328,18.096210479736555],[120.93528747558594,18.092170715332145],[120.9350204467778,18.08790969848627],[120.9342727661134,18.08300971984869],[120.93343353271507,18.078140258789062],[120.93279266357456,18.070030212402457],[120.93305969238304,18.064649581909293],[120.93298339843784,18.058639526367188],[120.93327331542969,18.051000595092773],[120.93348693847702,18.043899536132926],[120.93369293212902,18.038619995117188],[120.93493652343761,18.031549453735465],[120.93541717529308,18.025899887085018],[120.93624114990234,18.02071952819847],[120.93682098388672,18.01565933227539],[120.93829345703136,18.009370803833235],[120.93972778320335,18.004650115967024],[120.94022369384811,18.001029968261662],[120.94046783447277,17.99714088439947],[120.9387435913086,17.993219375610465],[120.93298339843784,17.987539291382063],[120.93022918701172,17.984159469604606],[120.92970275878918,17.98238945007347],[120.92783355712925,17.978069305419922],[120.92759704589855,17.974630355835075],[120.92659759521484,17.971359252929744],[120.92523193359398,17.96470069885254],[120.9226531982423,17.96063995361328],[120.92018890380905,17.95693016052246],[120.91484832763717,17.95281982421875],[120.90973663330078,17.95058059692377],[120.90374755859386,17.950290679931868],[120.89946746826206,17.95092010498047],[120.89431762695347,17.952100753784293],[120.88954925537143,17.954139709472656],[120.88497924804722,17.95601081848156],[120.87905883789097,17.958259582519645],[120.87207794189499,17.96043014526373],[120.86457824707054,17.96209907531744],[120.85710906982422,17.96282005310053],[120.84979248046886,17.96340942382824],[120.84056854248047,17.962009429931584],[120.83323669433628,17.959980010986328],[120.82556915283214,17.955280303955135],[120.8206787109375,17.949119567871207],[120.81732940673874,17.94426918029785],[120.80957031250045,17.935550689697266],[120.80409240722668,17.92993927001953],[120.79750823974621,17.92383956909191],[120.79206085205078,17.918809890747184],[120.78663635253918,17.914289474487532],[120.78321838378918,17.911699295044002],[120.77525329589878,17.909690856933594],[120.76940917968773,17.90739059448248],[120.76525115966797,17.907089233398665],[120.76258850097702,17.906570434570426],[120.75491333007835,17.903610229492188],[120.74963378906261,17.90307998657221],[120.7475204467778,17.902679443359432],[120.74299621582077,17.901809692382926],[120.73932647705124,17.900539398193416],[120.73571777343761,17.898830413818473],[120.73191070556652,17.89654922485363],[120.72952270507847,17.89417076110834],[120.72754669189499,17.89289093017578],[120.72624206542969,17.890930175781364],[120.72457122802768,17.88788032531761],[120.72329711914108,17.885349273681584],[120.72223663330078,17.883619308471793],[120.72061920166016,17.879829406738338],[120.71933746337913,17.878019332885742],[120.71817779541027,17.875799179077262],[120.7171630859375,17.873689651489258],[120.71611785888706,17.870620727539062],[120.71465301513706,17.86554908752447],[120.71369934082065,17.863050460815543],[120.71240997314453,17.860309600830192],[120.7106628417971,17.858419418335018],[120.70757293701172,17.855129241943416],[120.70561981201217,17.85217094421398],[120.70345306396484,17.848779678344954],[120.70211029052734,17.84745025634777],[120.7002792358403,17.84531021118164],[120.69776153564464,17.84223937988304],[120.69477081298828,17.839719772339095],[120.6924819946289,17.83699989318859],[120.69017028808639,17.834899902343693],[120.68512725830078,17.832149505615234],[120.6811294555664,17.830650329589957],[120.6759033203125,17.829439163208008],[120.67096710205112,17.828310012817383],[120.66681671142578,17.827829360962028],[120.66414642333984,17.827180862426758],[120.65952301025425,17.82545089721674],[120.65160369873058,17.82366943359375],[120.64742279052746,17.822759628295955],[120.64169311523449,17.82147026062023],[120.63688659667969,17.82031059265148],[120.63485717773483,17.819879531860295],[120.63240814208984,17.819320678710938],[120.62962341308594,17.817779541015625],[120.62667083740268,17.81580924987793],[120.62370300292969,17.81484031677246],[120.6187515258789,17.81386947631836],[120.61499786376964,17.813329696655273],[120.61035919189453,17.81130027771019],[120.60608673095703,17.810380935668945],[120.6012802124028,17.809459686279297],[120.5985336303711,17.80816078186041],[120.5975112915039,17.807710647583008],[120.59353637695347,17.805360794067496],[120.59055328369186,17.804269790649414],[120.58683776855469,17.801860809326172],[120.58183288574264,17.799249649047965],[120.57910156250045,17.79611968994152],[120.57581329345726,17.792560577392805],[120.57302856445324,17.78937911987316],[120.57090759277389,17.786169052124137],[120.56951141357445,17.78149032592796],[120.56684875488304,17.776889801025447],[120.56514739990234,17.77313995361328],[120.56417083740257,17.768529891967773],[120.56421661376953,17.768190383911076],[120.5637664794923,17.764289855957145],[120.56228637695312,17.76033973693859],[120.56101226806652,17.75635910034191],[120.55988311767601,17.75181007385254],[120.55805206298862,17.748310089111555],[120.55683898925827,17.745189666748047],[120.55415344238293,17.73990058898937],[120.55259704589889,17.73563003540039],[120.55059051513672,17.729600906372184],[120.54759216308594,17.724979400634766],[120.54519653320335,17.720390319824276],[120.54297637939464,17.715789794922102],[120.54038238525436,17.711820602416935],[120.53777313232467,17.708080291748104],[120.53601837158214,17.705249786377067],[120.53491210937545,17.70373916625988],[120.529296875,17.69322967529297],[120.52884674072266,17.692310333251896],[120.5093231201173,17.65199089050293],[120.50598907470737,17.648820877075195],[120.50459289550815,17.645450592041016],[120.50247955322311,17.639680862426758],[120.50108337402344,17.635030746460018],[120.49920654296886,17.629119873046875],[120.49791717529331,17.62499046325695],[120.49661254882812,17.620809555053825],[120.49508666992188,17.61569976806652],[120.49432373046875,17.611959457397518],[120.4914169311528,17.604259490966797],[120.49040222167969,17.601650238037166],[120.49080657958996,17.59893989562994],[120.48995971679722,17.59403038024908],[120.48885345458984,17.588850021362305],[120.48815917968761,17.584650039672965],[120.48774719238327,17.57799911499029],[120.48750305175804,17.572029113769645],[120.48764038085938,17.5670108795166],[120.48883819580101,17.562669754028548],[120.4891586303711,17.560829162597656],[120.48934936523438,17.560419082641715],[120.49011993408203,17.55876922607422],[120.49015808105503,17.55591964721691],[120.49014282226574,17.555839538574162],[120.48963928222656,17.553300857544002],[120.48851013183639,17.551870346069393],[120.48715209960938,17.550889968872184],[120.48520660400413,17.548259735107536],[120.48757171630871,17.54500007629406],[120.48738861083996,17.544679641723633],[120.48710632324253,17.544200897216854],[120.4860992431644,17.54303932189947],[120.4853134155278,17.542499542236555],[120.48281097412121,17.54080390930187],[120.4818572998048,17.540130615234432],[120.48140716552734,17.539840698242188],[120.48061370849643,17.539339065551758],[120.48013305664074,17.538949966430664],[120.47976684570324,17.538179397583008],[120.47959136962936,17.53801918029785],[120.47897338867233,17.53778076171875],[120.47886657714844,17.537750244140625],[120.47828674316406,17.53668975830101],[120.47743988037155,17.53603935241705],[120.47633361816418,17.534980773925838],[120.4757080078125,17.53445053100586],[120.47554779052746,17.533409118652344],[120.47332763671875,17.530229568481502],[120.47300720214866,17.52877998352062],[120.47160339355503,17.52574920654297],[120.47160339355503,17.525499343872127],[120.4713973999028,17.52515983581543],[120.4711532592778,17.524389266967773],[120.47062683105514,17.522850036621037],[120.46991729736328,17.52139091491705],[120.4698104858403,17.5209197998048],[120.46927642822277,17.51876068115257],[120.4691619873048,17.5184707641601],[120.46868133544933,17.516759872436523],[120.4683837890625,17.515579223632926],[120.46806335449219,17.51478004455572],[120.46817779541016,17.51349067687994],[120.46808624267578,17.512969970703125],[120.46798706054688,17.512329101562614],[120.46785736084007,17.511220932006836],[120.46781921386719,17.510950088500977],[120.46769714355469,17.51021957397461],[120.46752929687545,17.508430480957088],[120.46739959716831,17.507539749145565],[120.46739196777389,17.50745010375988],[120.46723175048828,17.50519943237299],[120.46721649169956,17.50399971008312],[120.46719360351608,17.50182914733881],[120.4673080444336,17.499950408935604],[120.46743774414062,17.497619628906364],[120.46765136718784,17.495719909668082],[120.46807861328125,17.494029998779354],[120.46907043457043,17.491659164428825],[120.46961975097702,17.49025917053234],[120.47016143798828,17.488759994507063],[120.47213745117199,17.486459732055607],[120.47432708740268,17.48427963256836],[120.47707366943371,17.48266983032238],[120.47895050048828,17.4818496704101],[120.4825363159182,17.481010437011776],[120.4848327636721,17.48096084594738],[120.48606872558616,17.481220245361328],[120.48954772949219,17.482379913330078],[120.49034881591831,17.48270988464367],[120.49260711669922,17.483699798583984],[120.49613952636764,17.485540390014705],[120.49842834472702,17.487930297851676],[120.50157165527344,17.491180419921818],[120.50502014160168,17.49443054199213],[120.50930023193405,17.496679306030217],[120.51114654541038,17.49802017211914],[120.51654815673874,17.499519348144588],[120.52036285400436,17.499839782714844],[120.5252609252932,17.49980926513672],[120.52908325195335,17.499179840087947],[120.53244018554722,17.498630523681868],[120.53649902343784,17.497289657592773],[120.54002380371105,17.495359420776367],[120.54280090332065,17.493469238281193],[120.5450820922855,17.491760253906193],[120.54817962646484,17.489950180053825],[120.54862976074241,17.48949050903326],[120.55048370361328,17.488010406494254],[120.55226135253952,17.486810684204215],[120.55558776855491,17.485500335693416],[120.5576629638673,17.484590530395508],[120.56080627441418,17.483489990234432],[120.56218719482467,17.483110427856502],[120.56343078613281,17.48347091674799],[120.56461334228561,17.483360290527287],[120.56916809082031,17.482650756835938],[120.57344055175827,17.482620239257812],[120.57554626464878,17.48221969604498],[120.57842254638672,17.48070907592796],[120.5824127197269,17.47809982299816],[120.58454132080078,17.476850509643555],[120.58556365966797,17.476249694824276],[120.58399200439487,17.473049163818416],[120.58255767822277,17.470249176025504],[120.5812606811528,17.467620849609432],[120.57998657226597,17.46282958984375],[120.57937622070312,17.459720611572493],[120.57932281494152,17.459419250488338],[120.57834625244186,17.45402908325201],[120.57861328125,17.449930191040096],[120.57850646972656,17.44545936584467],[120.57852172851562,17.443870544433707],[120.57895660400413,17.441370010376204],[120.57906341552734,17.439039230346793],[120.5792007446289,17.433990478515625],[120.57874298095714,17.430540084838867],[120.57779693603527,17.427949905395508],[120.57585144042969,17.423820495605582],[120.5723876953125,17.41743087768566],[120.5697631835942,17.41320037841797],[120.56593322753906,17.40690994262701],[120.56317138671875,17.402290344238395],[120.55835723876976,17.39529991149925],[120.55805969238315,17.39479064941412],[120.55761718750034,17.39381027221674],[120.55647277832065,17.3917694091798],[120.5549468994144,17.389139175415153],[120.55301666259788,17.38559913635254],[120.55203247070324,17.383560180664176],[120.55085754394531,17.383069992065487],[120.55071258544933,17.382860183715934],[120.54950714111328,17.381099700927734],[120.54807281494186,17.378959655761776],[120.54673004150436,17.377019882202205],[120.54459381103527,17.373859405517578],[120.54364013671886,17.372520446777457],[120.54315185546875,17.37150001525879],[120.5427398681644,17.370119094848576],[120.54161834716797,17.36712074279785],[120.54031372070347,17.363500595092887],[120.53999328613281,17.362340927124137],[120.53946685791027,17.360439300537053],[120.53901672363281,17.358600616455078],[120.5388412475586,17.357610702514762],[120.53891754150436,17.35647964477539],[120.53901672363281,17.35522079467779],[120.53955841064487,17.3523006439209],[120.53974914550815,17.35061073303234],[120.53994750976585,17.348979949951286],[120.54154205322277,17.34769058227539],[120.54237365722656,17.344720840454215],[120.5435714721682,17.34226036071783],[120.54371643066406,17.341630935669002],[120.54437255859375,17.339040756225813],[120.54537200927746,17.33583068847662],[120.54646301269531,17.334270477295036],[120.54818725585938,17.331380844116268],[120.54989624023438,17.328649520874023],[120.54991912841842,17.328620910644588],[120.5516128540039,17.325839996337947],[120.55236053466797,17.324449539184798],[120.55274200439453,17.321899414062557],[120.55294036865234,17.31893920898449],[120.55333709716797,17.317819595337028],[120.55428314208984,17.31693077087408],[120.55571746826206,17.315660476684627],[120.55631256103516,17.31434059143089],[120.55682373046886,17.31299018859869],[120.55744934082031,17.310089111328352],[120.55795288085949,17.30777931213379],[120.55935668945312,17.308429718017578],[120.56072998046909,17.308849334717024],[120.5615692138673,17.309139251708928],[120.56207275390648,17.309480667114258],[120.56210327148438,17.309509277343807],[120.56242370605469,17.30961990356468],[120.56522369384788,17.307359695434513],[120.56581115722702,17.308300018310604],[120.57005310058594,17.30813026428217],[120.57808685302768,17.307800292968977],[120.58473205566406,17.308519363403263],[120.59117126464889,17.309270858764705],[120.59519195556675,17.31069946289074],[120.59741210937545,17.311319351196403],[120.59906005859409,17.311330795288086],[120.60267639160168,17.31191062927246],[120.60720062255905,17.31217002868658],[120.6111068725586,17.311809539794865],[120.61428833007812,17.31069946289074],[120.6181564331057,17.30732917785656],[120.6229934692384,17.300670623779354],[120.62310791015648,17.300510406494254],[120.62844848632835,17.29336929321289],[120.63194274902389,17.28879928588873],[120.63375854492188,17.286409378051758],[120.6338500976567,17.28632926940918],[120.63562011718795,17.284690856933594],[120.63835144043003,17.284069061279354],[120.64148712158214,17.283510208129996],[120.64154815673862,17.28326988220215],[120.64169311523449,17.28253936767578],[120.64289855957031,17.282320022583065],[120.64346313476562,17.281860351562727],[120.64362335205124,17.28174018859869],[120.64434051513717,17.280879974365348],[120.64512634277355,17.280460357666072],[120.64541625976597,17.28026962280279],[120.64592742919956,17.278980255127067],[120.64676666259788,17.278060913085994],[120.64746093750034,17.276920318603516],[120.64829254150413,17.275909423828125],[120.6489028930664,17.27511024475109],[120.64868927001953,17.27411079406744],[120.64998626709018,17.274059295654297],[120.65055847168003,17.273340225219783],[120.65101623535202,17.272380828857422],[120.65181732177757,17.27228927612316],[120.65238952636741,17.27195930480957],[120.6531219482423,17.27146911621088],[120.65447998046886,17.270280838012923],[120.65558624267624,17.26959991455078],[120.65561676025402,17.26958084106451],[120.65695953369152,17.269039154052848],[120.65792846679733,17.26844024658203],[120.65908813476597,17.267669677734375],[120.66046142578125,17.26695060729986],[120.6619873046875,17.266010284423942],[120.66416931152389,17.265180587768555],[120.66758728027344,17.26416969299339],[120.66983795166038,17.2625408172608],[120.67324829101574,17.26016998291027],[120.67775726318382,17.258630752563533],[120.68122100830112,17.256570816040096],[120.68197631835972,17.256120681762695],[120.68264770507812,17.255729675293196],[120.68195343017601,17.25325012207054],[120.68089294433628,17.249509811401367],[120.67996215820312,17.24818992614746],[120.6776504516605,17.246280670166072],[120.6766586303711,17.24511909484869],[120.67539978027344,17.244749069213867],[120.67415618896518,17.24415016174339],[120.67398834228516,17.242399215698356],[120.67398071289062,17.242300033569336],[120.67437744140625,17.24134063720703],[120.67469024658214,17.240390777587947],[120.67597198486328,17.240129470825252],[120.67743682861328,17.239849090576286],[120.67931365966831,17.24016952514654],[120.6809997558596,17.240419387817326],[120.68245697021484,17.239950180053654],[120.68312835693393,17.23925018310547],[120.68316650390636,17.236890792846623],[120.68171691894577,17.233650207519645],[120.68253326416061,17.231670379638786],[120.68379211425781,17.229679107666072],[120.68418884277344,17.22711944580101],[120.68640899658214,17.225749969482536],[120.68695068359375,17.225360870361442],[120.68724060058594,17.224090576171932],[120.68627166748047,17.22315025329584],[120.6848831176759,17.22208976745611],[120.68290710449241,17.22072029113781],[120.68251037597668,17.22011947631836],[120.68240356445324,17.21994018554699],[120.68318939209007,17.218160629272575],[120.68295288085938,17.215990066528434],[120.68290710449241,17.215610504150447],[120.68019866943405,17.213180541992244],[120.67881011962913,17.211980819702205],[120.67864227294922,17.21158027648937],[120.67804718017601,17.21015930175787],[120.67775726318382,17.20915985107422],[120.67767333984375,17.208839416503963],[120.67848205566452,17.2063503265382],[120.67923736572311,17.205160140991268],[120.6797103881836,17.205259323120117],[120.6792678833009,17.205129623413143],[120.68000793457077,17.20399093627941],[120.68100738525436,17.2021102905274],[120.68164825439487,17.2007999420166],[120.68167114257835,17.198799133300724],[120.68020629882824,17.197410583496207],[120.67888641357433,17.197620391845703],[120.67598724365234,17.197610855102766],[120.67440795898472,17.196269989013672],[120.67179870605514,17.196939468383732],[120.66899108886764,17.197069168090934],[120.66873931884766,17.196790695190543],[120.66773986816429,17.19572067260748],[120.66735076904331,17.193929672241325],[120.6687927246096,17.192390441894588],[120.67083740234375,17.192380905151424],[120.67382812500034,17.192089080810547],[120.67542266845749,17.19035911560053],[120.67627716064453,17.188480377197322],[120.67756652832054,17.187269210815543],[120.67960357666016,17.186729431152457],[120.68195343017601,17.18584060668951],[120.68324279785202,17.18409919738781],[120.68303680419922,17.181989669799805],[120.68279266357456,17.18127059936529],[120.68244934082031,17.178300857543945],[120.68293762207065,17.17515945434576],[120.68364715576183,17.17255020141613],[120.68620300292969,17.166650772094727],[120.68924713134766,17.163480758666992],[120.69309997558628,17.161460876464844],[120.69468688964889,17.160560607910384],[120.69709777832065,17.159839630126953],[120.70217132568382,17.1587295532226],[120.7092971801759,17.158149719238395],[120.71531677246105,17.15778923034668],[120.72083282470714,17.157619476318416],[120.72747039794922,17.157209396362305],[120.7297592163086,17.157320022583008],[120.73747253418014,17.15698051452631],[120.7477264404298,17.157550811767578],[120.7493896484375,17.157619476318416],[120.75675964355469,17.15788078308117],[120.76637268066406,17.159519195556697],[120.77472686767612,17.16317939758295],[120.77641296386719,17.16390037536621],[120.78788757324253,17.173160552978516],[120.79530334472656,17.18255043029791],[120.79891204833984,17.187879562377873],[120.82861328125011,17.188600540161133],[120.83744049072266,17.18881988525402],[120.83894348144577,17.188140869140625],[120.8433227539067,17.187900543212947],[120.84754180908237,17.188859939575252],[120.84982299804722,17.188919067382812],[120.85037231445335,17.188890457153434],[120.8505325317384,17.188850402832145],[120.8518295288086,17.188739776611442],[120.85469818115234,17.188539505004826],[120.8573837280278,17.188100814819336],[120.85827636718784,17.188180923461914]]]}},{"type":"Feature","id":12,"properties":{"areaId":"calabarzon","name":"CALABARZON","province":"Batangas"},"geometry":{"type":"MultiPolygon","coordinates":[[[[121.08528137207031,13.573329925537166],[121.0966567993164,13.538060188293514],[121.08027648925793,13.52610969543457],[121.04389190673828,13.559169769287166],[121.08528137207031,13.573329925537166]]],[[[120.83000183105469,13.68861007690424],[120.84166717529308,13.672499656677246],[120.88500213623047,13.654999732971191],[120.93444824218795,13.655280113220329],[120.93527984619175,13.629440307617188],[120.90194702148472,13.624719619750977],[120.84139251708996,13.653059959411621],[120.83000183105469,13.68861007690424]]],[[[120.62124633789062,14.221260070800781],[120.68126678466831,14.202079772949276],[120.67175292968773,14.177849769592342],[120.70577239990246,14.141810417175293],[120.74453735351597,14.131750106811523],[120.76019287109375,14.139100074768066],[120.7979736328125,14.107179641723746],[120.8104171752932,14.108429908752498],[120.84129333496128,14.085169792175293],[120.84416961669945,14.061329841613713],[120.8867416381836,14.086730003356877],[120.89969635009766,14.078280448913574],[120.942909240723,14.087659835815373],[121.05074310302757,14.14513015747093],[121.04271697998081,14.154359817504883],[121.10756683349643,14.156820297241438],[121.13464355468784,14.145239830017204],[121.18643188476574,14.136949539184684],[121.20530700683605,14.110830307006893],[121.21604156494175,14.027669906616268],[121.24246215820312,13.988570213317871],[121.26072692871128,13.991580009460506],[121.26129913330112,13.96465015411377],[121.26561737060592,13.939820289611873],[121.23739624023472,13.928489685058594],[121.24442291259777,13.902339935302791],[121.30264282226562,13.87514972686779],[121.34264373779308,13.863670349121094],[121.36897277832043,13.870160102844352],[121.37719726562545,13.855010032653809],[121.42833709716797,13.839750289916992],[121.45632171630871,13.820159912109375],[121.43731689453125,13.788359642028865],[121.43499755859409,13.73972034454357],[121.47019958496094,13.68574047088623],[121.4227066040039,13.654680252075252],[121.39681243896496,13.67195987701416],[121.33693695068382,13.642709732055721],[121.28595733642578,13.596899986267204],[121.26069641113281,13.597100257873592],[121.23220825195324,13.627759933471793],[121.2024765014653,13.627570152282772],[121.18347930908237,13.644680023193473],[121.15461730957065,13.641539573669547],[121.07849884033249,13.619099617004451],[121.07189178466831,13.62870979309082],[121.03633880615257,13.633680343628043],[121.05358886718784,13.668840408325252],[121.05000305175781,13.692779541015682],[121.06083679199253,13.70860958099388],[121.05695343017646,13.736470222473258],[121.04060363769543,13.760600090026912],[121.01011657714866,13.779089927673283],[120.97682952880882,13.781829833984375],[120.94725036621105,13.741510391235408],[120.93155670166016,13.729169845581112],[120.91760253906273,13.699890136718807],[120.89167022705101,13.688329696655273],[120.87555694580124,13.707220077514648],[120.90709686279331,13.755020141601676],[120.9268188476567,13.75967979431158],[120.92799377441418,13.780630111694336],[120.91159820556663,13.800629615783805],[120.9151306152346,13.865530014038086],[120.90653991699241,13.884189605712947],[120.88471984863327,13.89943981170677],[120.80416870117233,13.923060417175293],[120.74416351318393,13.936109542846737],[120.71833038330078,13.928890228271598],[120.69833374023449,13.906109809875488],[120.7002792358403,13.885000228881893],[120.72248077392601,13.858079910278434],[120.70960998535179,13.84014987945568],[120.65972137451206,13.86250019073492],[120.65110778808594,13.841670036315975],[120.67610931396496,13.785829544067326],[120.65222167968784,13.772219657898177],[120.63027954101608,13.82056045532238],[120.61723327636719,13.882220268249512],[120.62500000000034,13.895830154419059],[120.61528015136753,13.96082973480236],[120.6313934326173,13.984999656677303],[120.61772155761719,14.007100105285758],[120.62555694580078,14.053059577941951],[120.61666870117188,14.118330001831168],[120.58000183105491,14.131110191345272],[120.6063919067384,14.154999732971248],[120.58416748046875,14.199720382690487],[120.59361267089855,14.228059768676985],[120.62124633789062,14.221260070800781]]]]}},{"type":"Feature","id":24,"properties":{"areaId":"calabarzon","name":"CALABARZON","province":"Cavite"},"geometry":{"type":"Polygon","coordinates":[[[121.01283264160202,14.350260734558105],[121.00533294677768,14.323800086975154],[121.04950714111374,14.328949928283748],[121.06881713867188,14.318900108337402],[121.04998779296875,14.294010162353516],[121.0356216430664,14.24798965454113],[121.05185699462902,14.237870216369629],[121.04271697998081,14.154359817504883],[121.05074310302757,14.14513015747093],[120.942909240723,14.087659835815373],[120.89969635009766,14.078280448913574],[120.8867416381836,14.086730003356877],[120.84416961669945,14.061329841613713],[120.84129333496128,14.085169792175293],[120.8104171752932,14.108429908752498],[120.7979736328125,14.107179641723746],[120.76019287109375,14.139100074768066],[120.74453735351597,14.131750106811523],[120.70577239990246,14.141810417175293],[120.67175292968773,14.177849769592342],[120.68126678466831,14.202079772949276],[120.62124633789062,14.221260070800781],[120.62222290039074,14.260560035705737],[120.64305877685615,14.279170036316145],[120.70326232910156,14.284879684448185],[120.7305526733403,14.314169883728084],[120.76857757568393,14.332260131835938],[120.79752349853527,14.367230415344352],[120.83954620361328,14.399279594421387],[120.84956359863327,14.420709609985408],[120.89389038085972,14.45444488525402],[120.93583679199264,14.460000038147086],[120.96224212646507,14.471670150756836],[121.00708770751953,14.390550613403377],[121.01283264160202,14.350260734558105]]]}},{"type":"Feature","id":40,"properties":{"areaId":"calabarzon","name":"CALABARZON","province":"Laguna"},"geometry":{"type":"Polygon","coordinates":[[[121.26129913330112,13.96465015411377],[121.26072692871128,13.991580009460506],[121.24246215820312,13.988570213317871],[121.21604156494175,14.027669906616268],[121.20530700683605,14.110830307006893],[121.18643188476574,14.136949539184684],[121.13464355468784,14.145239830017204],[121.10756683349643,14.156820297241438],[121.04271697998081,14.154359817504883],[121.05185699462902,14.237870216369629],[121.0356216430664,14.24798965454113],[121.04998779296875,14.294010162353516],[121.06881713867188,14.318900108337402],[121.04950714111374,14.328949928283748],[121.00533294677768,14.323800086975154],[121.01283264160202,14.350260734558105],[121.05413055419922,14.382910728454704],[121.05066680908237,14.44946098327648],[121.06792449951172,14.509296417236442],[121.08790588378918,14.510020256042594],[121.10533905029342,14.530489921569767],[121.13706207275436,14.532819747924918],[121.18129730224632,14.492389678955078],[121.19774627685547,14.445039749145508],[121.22334289550815,14.424249649047852],[121.21975708007812,14.475219726562557],[121.25543975830078,14.517869949340763],[121.25717163085983,14.517020225525016],[121.26036834716797,14.516869544983024],[121.2631607055664,14.512969970703352],[121.26513671875,14.5110702514649],[121.27818298339855,14.495320320129451],[121.30431365966808,14.485409736633358],[121.32237243652344,14.468119621276799],[121.33912658691429,14.428460121154785],[121.33444976806652,14.385979652404842],[121.3057632446289,14.32849025726324],[121.30377960205112,14.299650192260799],[121.32666015625034,14.300149917602766],[121.35182952880905,14.329810142517147],[121.38842010498058,14.345140457153377],[121.3672332763673,14.371970176696834],[121.37483978271484,14.395159721374739],[121.35983276367233,14.457320213317985],[121.35948944091797,14.48013019561779],[121.37545776367199,14.5185804367066],[121.39794921875011,14.545530319214095],[121.41816711425793,14.558170318603459],[121.46980285644531,14.57583045959484],[121.51191711425815,14.505880355835018],[121.51892852783237,14.480890274047852],[121.54837799072266,14.424019813537598],[121.56259918212925,14.412730216980037],[121.59175109863293,14.410120010375977],[121.59620666503906,14.397049903869686],[121.62277221679688,14.393639564514274],[121.6305084228519,14.261249542236328],[121.61437225341797,14.246919631958065],[121.58863067626953,14.196829795837402],[121.56475830078159,14.170769691467285],[121.54965209960938,14.172479629516602],[121.52622222900425,14.138750076293945],[121.50583648681663,14.092100143432617],[121.47917175292969,14.06597995758068],[121.43122863769543,14.06482028961193],[121.42476654052757,14.049289703369084],[121.3510208129884,14.013270378112793],[121.33252716064464,13.98845005035406],[121.29895782470714,13.970970153808707],[121.26129913330112,13.96465015411377]],[[121.24845886230503,14.301440238952637],[121.2342529296875,14.399559974670524],[121.21994018554688,14.399749755859318],[121.21774291992233,14.352970123291016],[121.22955322265648,14.313940048217773],[121.24845886230503,14.301440238952637]],[[121.25964355468795,14.50897026062023],[121.25923156738281,14.511059761047477],[121.25816345214866,14.51093959808344],[121.25797271728538,14.50967979431175],[121.2572402954105,14.507390022277889],[121.25964355468795,14.50897026062023]],[[121.25797271728538,14.515680313110579],[121.25689697265636,14.516010284423771],[121.25694274902344,14.515060424804915],[121.25797271728538,14.515680313110579]]]}},{"type":"Feature","id":62,"properties":{"areaId":"calabarzon","name":"CALABARZON","province":"Quezon"},"geometry":{"type":"MultiPolygon","coordinates":[[[[121.75639343261753,13.943329811096305],[121.78555297851631,13.937500000000227],[121.7844467163086,13.909170150756836],[121.75444793701183,13.883330345154036],[121.73999786376953,13.893329620361328],[121.75639343261753,13.943329811096305]]],[[[121.96527862548828,14.202850341796932],[121.99645233154342,14.180319786071834],[122.0209732055664,14.153750419616813],[122.06111145019577,14.13024997711193],[122.07372283935558,14.115909576416016],[122.12975311279297,14.085929870605526],[122.18628692626999,14.025859832763672],[122.18876647949264,14.006090164184684],[122.16854858398483,14.000329971313533],[122.14325714111362,14.009619712829647],[122.10616302490246,14.038339614868278],[122.05690002441406,14.06387996673584],[122.03769683837913,14.090020179748478],[121.98616790771496,14.110910415649414],[121.950233459473,14.150679588317871],[121.92926788330101,14.187350273132267],[121.91246032714878,14.193880081176758],[121.9284210205085,14.235580444335938],[121.96527862548828,14.202850341796932]]],[[[121.82790374755905,14.304180145263729],[121.84123992919945,14.298660278320256],[121.83164978027344,14.25963020324707],[121.80651092529308,14.271900177001953],[121.80312347412143,14.293000221252441],[121.82790374755905,14.304180145263729]]],[[[122.41011810302734,14.729740142822493],[122.43858337402389,14.701580047607536],[122.42401123046909,14.68819999694847],[122.32306671142612,14.673899650573844],[122.31385803222668,14.695170402526912],[122.33542633056652,14.712300300598088],[122.35896301269543,14.712010383606014],[122.38223266601574,14.729829788208008],[122.41011810302734,14.729740142822493]]],[[[122.1412124633789,14.844969749450684],[122.14906311035168,14.835639953613281],[122.18028259277344,14.840020179748706],[122.19367218017624,14.832770347595215],[122.20200347900447,14.801030158996582],[122.23365020751964,14.786499977112044],[122.25966644287155,14.75852966308588],[122.25792694091797,14.726570129394588],[122.22958374023483,14.750769615173397],[122.21082305908203,14.753669738769759],[122.13794708251953,14.797240257263184],[122.1152572631836,14.799500465393123],[122.09602355957077,14.832169532775822],[122.1412124633789,14.844969749450684]]],[[[122.02359008789131,14.879360198974553],[122.06295776367244,14.86703014373785],[122.06285858154308,14.85011005401634],[122.02454376220771,14.845580101013411],[122.02359008789131,14.879360198974553]]],[[[121.9501190185548,15.057809829712028],[122.00000000000011,15.043609619140682],[122.04638671875,15.00666999816923],[122.00813293457054,14.986450195312443],[122.01992034912155,14.919389724731616],[121.96839141845703,14.908399581909123],[121.96810913085972,14.868339538574332],[121.9880828857423,14.837120056152287],[122.02324676513672,14.810370445251579],[122.02176666259788,14.764519691467285],[122.03716278076172,14.714449882507552],[122.0221176147461,14.703209877014274],[122.01088714599643,14.675069808960018],[121.97328186035156,14.640589714050293],[121.93919372558594,14.626150131225586],[121.91311645507824,14.642789840698299],[121.90234375000011,14.68346977233898],[121.91829681396507,14.70637035369873],[121.9376373291019,14.711669921875],[121.93070220947311,14.74841022491455],[121.9115829467778,14.794659614563102],[121.87806701660202,14.835639953613281],[121.8724365234375,14.87467956542963],[121.85056304931652,14.906109809875488],[121.85073089599655,14.91847991943365],[121.80172729492199,14.93916034698492],[121.8172225952153,14.971110343933105],[121.81397247314499,14.986980438232422],[121.83789825439476,15.039620399475154],[121.85930633544922,15.028109550476017],[121.88406372070335,15.032309532165755],[121.9501190185548,15.057809829712028]]],[[[121.45632171630871,13.820159912109375],[121.42833709716797,13.839750289916992],[121.37719726562545,13.855010032653809],[121.36897277832043,13.870160102844352],[121.34264373779308,13.863670349121094],[121.30264282226562,13.87514972686779],[121.24442291259777,13.902339935302791],[121.23739624023472,13.928489685058594],[121.26561737060592,13.939820289611873],[121.26129913330112,13.96465015411377],[121.29895782470714,13.970970153808707],[121.33252716064464,13.98845005035406],[121.3510208129884,14.013270378112793],[121.42476654052757,14.049289703369084],[121.43122863769543,14.06482028961193],[121.47917175292969,14.06597995758068],[121.50583648681663,14.092100143432617],[121.52622222900425,14.138750076293945],[121.54965209960938,14.172479629516602],[121.56475830078159,14.170769691467285],[121.58863067626953,14.196829795837402],[121.61437225341797,14.246919631958065],[121.6305084228519,14.261249542236328],[121.62277221679688,14.393639564514274],[121.59620666503906,14.397049903869686],[121.59175109863293,14.410120010375977],[121.56259918212925,14.412730216980037],[121.54837799072266,14.424019813537598],[121.51892852783237,14.480890274047852],[121.51191711425815,14.505880355835018],[121.46980285644531,14.57583045959484],[121.44780731201172,14.60791015625],[121.42555236816406,14.666440010071028],[121.40088653564453,14.707650184631348],[121.36817169189499,14.748740196228141],[121.34813690185547,14.789629936218319],[121.34076690673874,14.849189758300781],[121.34536743164062,14.892270088196028],[121.34188079833996,14.997309684753645],[121.35134124755882,15.019069671630916],[121.34169006347668,15.043769836425838],[121.35796356201172,15.071599960327205],[121.38651275634777,15.100799560546932],[121.39820098876953,15.125989913940543],[121.40128326416027,15.200530052185115],[121.41304016113304,15.216440200805891],[121.45760345458984,15.20415019989008],[121.4824829101567,15.179630279541016],[121.4998397827153,15.073329925537053],[121.51880645751976,15.037989616394157],[121.53794860839855,15.021639823913574],[121.54804992675793,14.991600036621037],[121.56826782226574,14.966529846191634],[121.58344268798862,14.887459754943961],[121.60604858398449,14.862469673156738],[121.60193634033214,14.827219963073844],[121.62361145019554,14.793060302734318],[121.65162658691418,14.778249740600643],[121.70381927490257,14.73157024383545],[121.7330017089846,14.698579788208065],[121.68663787841831,14.700989723205566],[121.63139343261764,14.660559654235897],[121.61373138427734,14.677519798278865],[121.60399627685581,14.652609825134391],[121.60809326171875,14.60276985168457],[121.61932373046898,14.591170310974178],[121.62969207763683,14.535779953002987],[121.63005828857467,14.505880355835018],[121.65928649902389,14.423080444335938],[121.66278076171886,14.392780303955192],[121.67604064941418,14.38661003112793],[121.72138977050781,14.336110115051326],[121.73444366455124,14.305560111999625],[121.72901153564453,14.27598953247076],[121.75805664062511,14.248330116271916],[121.75340270996116,14.2075004577639],[121.73088836669956,14.175530433654785],[121.75639343261753,14.13556003570568],[121.82480621337902,14.081749916076717],[121.84557342529297,14.074150085449332],[121.88416290283249,14.040829658508528],[121.9100036621096,14.009440422058105],[121.96624755859409,13.981869697570858],[121.98777770996094,13.978610038757381],[122.03633880615246,13.947719573974837],[122.11235809326206,13.926509857177734],[122.12964630126999,13.914899826049805],[122.18405914306652,13.916299819946232],[122.2326126098634,13.89556026458746],[122.24719238281261,13.935070037841797],[122.22216796875034,13.94235992431652],[122.19336700439487,13.967889785766829],[122.18238067626953,13.994709968567008],[122.23473358154342,13.973059654235783],[122.26438903808616,13.969960212707463],[122.28325653076206,13.957759857177734],[122.30653381347679,13.972459793090877],[122.28965759277366,14.017250061035384],[122.26711273193405,14.049699783325252],[122.22846984863281,14.076740264892521],[122.20823669433628,14.081950187683162],[122.16832733154308,14.13119029998802],[122.18845367431675,14.138620376586971],[122.18250274658203,14.161410331726017],[122.21736145019543,14.190210342407227],[122.2504577636721,14.200639724731559],[122.25314331054688,14.226432800292969],[122.2770004272461,14.232760429382324],[122.26289367675781,14.180990219116211],[122.27410888671898,14.161870002746582],[122.2684936523442,14.1243896484375],[122.31150054931663,14.130209922790641],[122.29949951171875,14.070170402526912],[122.32974243164097,14.062379837036246],[122.38524627685581,14.074700355529842],[122.44373321533249,14.138799667358398],[122.44415283203148,14.148610115051326],[122.56990051269531,14.101440429687443],[122.64189910888717,14.070119857788029],[122.79257202148438,14.014450073242301],[122.54830932617233,13.949480056762638],[122.5285568237307,13.927530288696403],[122.4840469360355,13.927100181579533],[122.46927642822266,13.933759689331055],[122.43714904785156,13.920490264892692],[122.48526000976585,13.84953975677496],[122.50914001464844,13.8346204757691],[122.51461029052768,13.786160469055176],[122.50968170166016,13.769280433654785],[122.52435302734398,13.733280181884766],[122.49696350097668,13.73386001586914],[122.48119354248047,13.715950012207145],[122.481201171875,13.697649955749739],[122.50209808349655,13.668910026550407],[122.49710083007812,13.647660255432243],[122.54998016357433,13.594579696655387],[122.58016967773472,13.570879936218375],[122.56463623046875,13.55163955688488],[122.58339691162155,13.52748012542736],[122.59989929199219,13.522629737854004],[122.61086273193405,13.490929603576603],[122.64344024658214,13.456660270690918],[122.66325378417969,13.419070243835392],[122.67800140380905,13.370710372924805],[122.67436981201195,13.34570026397705],[122.68110656738281,13.310480117797965],[122.67664337158214,13.275369644165153],[122.69066619873081,13.268219947814941],[122.7029495239259,13.224100112915153],[122.65788269042969,13.208919525146484],[122.62178802490234,13.171159744262695],[122.60005950927768,13.162320137023983],[122.5642318725586,13.178799629211369],[122.53727722167969,13.220450401306152],[122.50308990478538,13.245869636535701],[122.5221405029298,13.308650016784668],[122.51531982421909,13.350839614868221],[122.50299835205101,13.362899780273551],[122.48680877685547,13.410659790039062],[122.47351074218761,13.418999671936149],[122.41673278808594,13.479330062866438],[122.40379333496128,13.519989967346191],[122.36940765380893,13.546070098877067],[122.33119201660202,13.560259819030762],[122.33692169189499,13.57771015167242],[122.32132720947311,13.590080261230412],[122.25470733642624,13.604610443115291],[122.2391586303711,13.596059799194563],[122.21762084960938,13.607170104980696],[122.202186584473,13.637479782104606],[122.17452239990246,13.668910026550407],[122.17225646972679,13.684690475463867],[122.13829803466831,13.719690322875977],[122.1323471069336,13.744879722595272],[122.10405731201183,13.767060279846305],[122.09819793701172,13.784999847412166],[122.06230163574241,13.774069786072062],[122.02182006835983,13.802969932556152],[121.9803466796875,13.8062496185305],[121.98136901855469,13.828820228576888],[121.94696807861328,13.851909637451172],[121.92804718017612,13.84994983673107],[121.89060211181686,13.862799644470329],[121.88313293457031,13.889650344848633],[121.81709289550815,13.906979560852164],[121.81654357910179,13.940939903259334],[121.76978302001964,13.947589874267692],[121.76270294189453,13.960129737853947],[121.71562194824276,13.969929695129508],[121.70139312744186,13.96306037902832],[121.70011138916061,13.919329643249625],[121.64344024658214,13.907010078430119],[121.62496948242222,13.908020019531364],[121.55444335937511,13.872030258178768],[121.49392700195358,13.852210044860897],[121.45632171630871,13.820159912109375]]]]}},{"type":"Feature","id":64,"properties":{"areaId":"calabarzon","name":"CALABARZON","province":"Rizal"},"geometry":{"type":"MultiPolygon","coordinates":[[[[121.24845886230503,14.301440238952637],[121.22955322265648,14.313940048217773],[121.21774291992233,14.352970123291016],[121.21994018554688,14.399749755859318],[121.2342529296875,14.399559974670524],[121.24845886230503,14.301440238952637]]],[[[121.2572402954105,14.507390022277889],[121.25797271728538,14.50967979431175],[121.25816345214866,14.51093959808344],[121.25923156738281,14.511059761047477],[121.25964355468795,14.50897026062023],[121.2572402954105,14.507390022277889]]],[[[121.25694274902344,14.515060424804915],[121.25689697265636,14.516010284423771],[121.25797271728538,14.515680313110579],[121.25694274902344,14.515060424804915]]],[[[121.46980285644531,14.57583045959484],[121.41816711425793,14.558170318603459],[121.39794921875011,14.545530319214095],[121.37545776367199,14.5185804367066],[121.35948944091797,14.48013019561779],[121.35983276367233,14.457320213317985],[121.37483978271484,14.395159721374739],[121.3672332763673,14.371970176696834],[121.38842010498058,14.345140457153377],[121.35182952880905,14.329810142517147],[121.32666015625034,14.300149917602766],[121.30377960205112,14.299650192260799],[121.3057632446289,14.32849025726324],[121.33444976806652,14.385979652404842],[121.33912658691429,14.428460121154785],[121.32237243652344,14.468119621276799],[121.30431365966808,14.485409736633358],[121.27818298339855,14.495320320129451],[121.26513671875,14.5110702514649],[121.2631607055664,14.512969970703352],[121.26036834716797,14.516869544983024],[121.25717163085983,14.517020225525016],[121.25543975830078,14.517869949340763],[121.21975708007812,14.475219726562557],[121.22334289550815,14.424249649047852],[121.19774627685547,14.445039749145508],[121.18129730224632,14.492389678955078],[121.13706207275436,14.532819747924918],[121.10533905029342,14.530489921569767],[121.0934066772461,14.568170547485465],[121.1094970703125,14.591390609741154],[121.10169982910156,14.627030372619686],[121.12576293945324,14.643400192260799],[121.12799072265648,14.669190406799373],[121.1037826538086,14.675880432128963],[121.10871124267612,14.697430610656681],[121.13124084472656,14.739773750305119],[121.13491058349655,14.779339790344295],[121.18493652343795,14.816829681396484],[121.25846862792969,14.841300010681152],[121.34536743164062,14.892270088196028],[121.34076690673874,14.849189758300781],[121.34813690185547,14.789629936218319],[121.36817169189499,14.748740196228141],[121.40088653564453,14.707650184631348],[121.42555236816406,14.666440010071028],[121.44780731201172,14.60791015625],[121.46980285644531,14.57583045959484]]]]}},{"type":"Feature","id":8,"properties":{"areaId":"central-luzon","name":"Central Luzon","province":"Aurora"},"geometry":{"type":"Polygon","coordinates":[[[121.34188079833996,14.997309684753645],[121.32866668701172,15.083809852600098],[121.31867218017578,15.113169670104924],[121.31174468994152,15.19941329956049],[121.32047271728516,15.22669982910179],[121.34884643554722,15.37366962432867],[121.37621307373058,15.483570098877067],[121.35746765136719,15.551460266113281],[121.33197784423851,15.615719795227278],[121.28172302246116,15.770520210266113],[121.3134384155278,15.792770385742244],[121.54222106933594,15.978830337524471],[121.63384246826172,16.06056976318365],[121.8352890014653,16.22789955139166],[121.89292144775402,16.2907390594483],[122.06498718261764,16.48790931701666],[122.13134002685558,16.530120849609375],[122.22839355468795,16.528120040893498],[122.25055694580101,16.516109466552734],[122.23082733154297,16.463890075683537],[122.19953155517601,16.434970855713004],[122.22740173339844,16.391599655151367],[122.22482299804733,16.356349945068416],[122.18987274169933,16.33161926269554],[122.1798324584961,16.30331993103033],[122.21083068847656,16.29332923889183],[122.20555877685592,16.240829467773665],[122.14238739013683,16.19168090820324],[122.06539916992188,16.11247062683117],[122.06926727294945,16.091510772705078],[122.03204345703136,16.049989700317496],[121.99273681640625,16.040130615234375],[122.0292587280278,16.10688018798828],[122.09297943115246,16.168010711669922],[122.09501647949241,16.204149246215763],[122.1291732788086,16.22611045837408],[122.13834381103516,16.25],[122.09361267089878,16.263889312744254],[122.06333160400425,16.22332954406761],[122.06804656982456,16.201459884643555],[122.03936004638672,16.174600601196232],[122.01860809326183,16.17971992492687],[121.97590637207077,16.143499374389705],[121.93715667724621,16.126190185546932],[121.90100860595714,16.12911987304699],[121.86199951171886,16.116809844970817],[121.83820343017624,16.09100914001465],[121.759521484375,16.076919555664062],[121.6645202636721,16.004629135131893],[121.65322875976562,15.972869873046932],[121.5786285400394,15.926139831543026],[121.5548095703125,15.898360252380371],[121.54678344726562,15.848799705505371],[121.55792999267578,15.784560203552303],[121.57444763183594,15.753330230713061],[121.62281799316418,15.756779670715503],[121.64177703857422,15.735409736633244],[121.61190795898438,15.707380294799748],[121.59780883789062,15.642939567565975],[121.56298828125034,15.606309890747298],[121.56481933593795,15.591759681701888],[121.49336242675815,15.523579597473201],[121.4884490966798,15.461859703064022],[121.47368621826183,15.419830322265625],[121.45395660400413,15.410010337829704],[121.43020629882835,15.371939659118652],[121.40300750732456,15.384559631347656],[121.37336730957054,15.336930274963379],[121.38408660888672,15.28003025054926],[121.4186782836914,15.216449737548828],[121.40128326416027,15.200530052185115],[121.39820098876953,15.125989913940543],[121.38651275634777,15.100799560546932],[121.34169006347668,15.043769836425838],[121.34188079833996,14.997309684753645]]]}},{"type":"Feature","id":10,"properties":{"areaId":"central-luzon","name":"Central Luzon","province":"Bataan"},"geometry":{"type":"Polygon","coordinates":[[[120.57723236083996,14.831159591674748],[120.54723358154297,14.78971958160406],[120.54805755615257,14.718609809875488],[120.58110809326172,14.653059959411621],[120.58638763427746,14.594719886779728],[120.61136627197277,14.508729934692553],[120.60188293457031,14.461540222168082],[120.58083343505871,14.435830116271916],[120.54232025146496,14.4210596084597],[120.50669860839878,14.435359954833984],[120.4705581665039,14.414440155029354],[120.45610809326183,14.438610076904297],[120.38834381103516,14.460559844970703],[120.3741683959961,14.52472019195551],[120.3899536132817,14.537480354309139],[120.39472198486374,14.578889846801871],[120.36849212646484,14.624719619750977],[120.29326629638706,14.655639648437727],[120.24819946289074,14.692449569702262],[120.2577667236335,14.745280265808105],[120.248611450196,14.755000114441088],[120.29444122314453,14.800379753112736],[120.2960662841798,14.800620079040641],[120.29657745361351,14.801300048828125],[120.33789825439487,14.828359603881836],[120.37589263916027,14.891059875488395],[120.43585968017624,14.88201045990013],[120.46061706542969,14.929659843444938],[120.49909210205078,14.908450126648006],[120.50431060791016,14.86493015289318],[120.55201721191452,14.824399948120174],[120.57723236083996,14.831159591674748]]]}},{"type":"Feature","id":17,"properties":{"areaId":"central-luzon","name":"Central Luzon","province":"Bulacan"},"geometry":{"type":"Polygon","coordinates":[[[121.31174468994152,15.19941329956049],[121.31867218017578,15.113169670104924],[121.32866668701172,15.083809852600098],[121.34188079833996,14.997309684753645],[121.34536743164062,14.892270088196028],[121.25846862792969,14.841300010681152],[121.18493652343795,14.816829681396484],[121.13491058349655,14.779339790344295],[121.12814331054688,14.759770393371696],[121.08583831787132,14.762810707092285],[121.05526733398438,14.780090332031193],[121.0428695678711,14.758020401000977],[120.99105834960938,14.732831001281795],[120.97094726562534,14.709441184997672],[120.91694641113327,14.69193267822277],[120.85221862792969,14.730279922485408],[120.83889007568405,14.76333045959484],[120.80082702636719,14.754719734191951],[120.66297912597679,14.774069786071834],[120.66497802734398,14.776869773864746],[120.66757202148438,14.778349876403752],[120.66898345947288,14.779319763183537],[120.6704711914067,14.780650138855037],[120.67713928222702,14.785400390625114],[120.6803817749028,14.78699970245367],[120.68785095214855,14.792329788207951],[120.69029235839844,14.793680191039982],[120.69103240966797,14.79391956329357],[120.69470214843761,14.79430961608898],[120.73046112060547,14.84270000457775],[120.75018310546875,14.891329765319938],[120.74762725830078,14.918160438537711],[120.79926300048874,14.917209625244197],[120.8998718261721,14.976719856262207],[120.89781951904342,15.003620147705135],[120.93525695800827,15.008810043335018],[120.938720703125,15.035739898681754],[120.97068786621139,15.045780181884993],[120.9705810546875,15.079649925232047],[120.98706817626953,15.102120399475098],[120.9791183471682,15.12477970123291],[120.95044708251953,15.140930175781364],[120.95543670654308,15.218110084533748],[120.98088073730469,15.221969604492301],[121.02120208740234,15.252349853515568],[121.14385986328125,15.27245998382574],[121.16575622558616,15.262760162353516],[121.20214080810547,15.222510337829704],[121.26038360595703,15.20011043548584],[121.31174468994152,15.19941329956049]]]}},{"type":"Feature","id":55,"properties":{"areaId":"central-luzon","name":"Central Luzon","province":"Nueva Ecija"},"geometry":{"type":"Polygon","coordinates":[[[121.28172302246116,15.770520210266113],[121.33197784423851,15.615719795227278],[121.35746765136719,15.551460266113281],[121.37621307373058,15.483570098877067],[121.34884643554722,15.37366962432867],[121.32047271728516,15.22669982910179],[121.31174468994152,15.19941329956049],[121.26038360595703,15.20011043548584],[121.20214080810547,15.222510337829704],[121.16575622558616,15.262760162353516],[121.14385986328125,15.27245998382574],[121.02120208740234,15.252349853515568],[120.98088073730469,15.221969604492301],[120.95543670654308,15.218110084533748],[120.90084838867188,15.20810985565197],[120.8749389648442,15.168230056762809],[120.85106658935547,15.203280448913631],[120.8084487915039,15.204509735107536],[120.77851104736328,15.218110084533748],[120.77187347412143,15.267620086669979],[120.78182220458984,15.301460266113509],[120.74491119384811,15.325849533081112],[120.74257659912121,15.381830215454158],[120.76490783691418,15.417229652404785],[120.74294281005905,15.46033000946045],[120.74903106689453,15.478969573974666],[120.72260284423862,15.54726982116722],[120.73110961914062,15.58145999908453],[120.75408935546875,15.604410171508846],[120.69690704345737,15.619509696960506],[120.65170288085972,15.66769027709961],[120.63052368164074,15.729820251464844],[120.61280822753929,15.832099914550838],[120.72193145751953,15.853010177612362],[120.75746154785168,15.849639892578352],[120.81947326660179,15.793089866638184],[120.85874938964855,15.821629524230957],[120.87783050537121,15.888019561767578],[120.90319061279308,15.91117000579834],[120.92233276367188,15.978859901428336],[120.90991210937534,16.019390106201115],[120.87967681884766,16.079250335693473],[120.87995147705124,16.10592079162592],[120.9308090209961,16.120229721069393],[121.0264663696289,16.126089096069336],[121.17539215087936,16.090759277343864],[121.18618774414062,16.072370529175032],[121.1980209350586,15.90806961059576],[121.23535919189487,15.854009628296012],[121.28172302246116,15.770520210266113]]]}},{"type":"Feature","id":60,"properties":{"areaId":"central-luzon","name":"Central Luzon","province":"Pampanga"},"geometry":{"type":"Polygon","coordinates":[[[120.77187347412143,15.267620086669979],[120.77851104736328,15.218110084533748],[120.8084487915039,15.204509735107536],[120.85106658935547,15.203280448913631],[120.8749389648442,15.168230056762809],[120.90084838867188,15.20810985565197],[120.95543670654308,15.218110084533748],[120.95044708251953,15.140930175781364],[120.9791183471682,15.12477970123291],[120.98706817626953,15.102120399475098],[120.9705810546875,15.079649925232047],[120.97068786621139,15.045780181884993],[120.938720703125,15.035739898681754],[120.93525695800827,15.008810043335018],[120.89781951904342,15.003620147705135],[120.8998718261721,14.976719856262207],[120.79926300048874,14.917209625244197],[120.74762725830078,14.918160438537711],[120.75018310546875,14.891329765319938],[120.73046112060547,14.84270000457775],[120.69470214843761,14.79430961608898],[120.69103240966797,14.79391956329357],[120.69029235839844,14.793680191039982],[120.68785095214855,14.792329788207951],[120.6803817749028,14.78699970245367],[120.67713928222702,14.785400390625114],[120.6704711914067,14.780650138855037],[120.66898345947288,14.779319763183537],[120.66757202148438,14.778349876403752],[120.66497802734398,14.776869773864746],[120.66297912597679,14.774069786071834],[120.62666320800815,14.805000305175838],[120.57723236083996,14.831159591674748],[120.55201721191452,14.824399948120174],[120.50431060791016,14.86493015289318],[120.49909210205078,14.908450126648006],[120.46061706542969,14.929659843444938],[120.45144653320335,14.963219642639103],[120.4205093383789,14.991089820861816],[120.42212677001999,15.044150352478084],[120.40482330322311,15.07841014862072],[120.36602783203125,15.105879783630371],[120.35832977294922,15.13617038726818],[120.37082672119186,15.16775989532482],[120.39407348632812,15.167900085449219],[120.43618774414085,15.198740005493278],[120.49376678466808,15.222140312194824],[120.53233337402344,15.246159553527775],[120.60014343261764,15.265110015869197],[120.64177703857433,15.260089874267578],[120.65677642822288,15.271209716796989],[120.69882202148472,15.25741958618164],[120.71373748779297,15.271599769592399],[120.77187347412143,15.267620086669979]]]}},{"type":"Feature","id":77,"properties":{"areaId":"central-luzon","name":"Central Luzon","province":"Tarlac"},"geometry":{"type":"Polygon","coordinates":[[[120.77187347412143,15.267620086669979],[120.71373748779297,15.271599769592399],[120.69882202148472,15.25741958618164],[120.65677642822288,15.271209716796989],[120.64177703857433,15.260089874267578],[120.60014343261764,15.265110015869197],[120.53233337402344,15.246159553527775],[120.49376678466808,15.222140312194824],[120.43618774414085,15.198740005493278],[120.39407348632812,15.167900085449219],[120.37082672119186,15.16775989532482],[120.33748626709007,15.232339859008903],[120.28540802001964,15.28927993774414],[120.16323852539097,15.360549926757812],[120.18022918701195,15.488030433655013],[120.19022369384777,15.517120361328125],[120.22223663330124,15.575920104980526],[120.26354980468761,15.599300384521712],[120.25390625000045,15.61847972869873],[120.30728912353516,15.647259712219352],[120.3388290405278,15.68272972106945],[120.3759536743164,15.750570297241268],[120.40277862548828,15.765410423278809],[120.48107147216842,15.729840278625602],[120.54622650146518,15.769579887390194],[120.56928253173828,15.817580223083553],[120.58802032470726,15.88910961151123],[120.60901641845703,15.861359596252555],[120.61280822753929,15.832099914550838],[120.63052368164074,15.729820251464844],[120.65170288085972,15.66769027709961],[120.69690704345737,15.619509696960506],[120.75408935546875,15.604410171508846],[120.73110961914062,15.58145999908453],[120.72260284423862,15.54726982116722],[120.74903106689453,15.478969573974666],[120.74294281005905,15.46033000946045],[120.76490783691418,15.417229652404785],[120.74257659912121,15.381830215454158],[120.74491119384811,15.325849533081112],[120.78182220458984,15.301460266113509],[120.77187347412143,15.267620086669979]]]}},{"type":"Feature","id":79,"properties":{"areaId":"central-luzon","name":"Central Luzon","province":"Zambales"},"geometry":{"type":"Polygon","coordinates":[[[119.92437744140659,15.806639671325684],[119.99150848388717,15.794389724731502],[120.02880096435547,15.845259666442985],[120.08540344238293,15.810930252075195],[120.12953948974655,15.826259613037166],[120.15820312500045,15.817230224609432],[120.18160247802734,15.735699653625716],[120.25390625000045,15.61847972869873],[120.26354980468761,15.599300384521712],[120.22223663330124,15.575920104980526],[120.19022369384777,15.517120361328125],[120.18022918701195,15.488030433655013],[120.16323852539097,15.360549926757812],[120.28540802001964,15.28927993774414],[120.33748626709007,15.232339859008903],[120.37082672119186,15.16775989532482],[120.35832977294922,15.13617038726818],[120.36602783203125,15.105879783630371],[120.40482330322311,15.07841014862072],[120.42212677001999,15.044150352478084],[120.4205093383789,14.991089820861816],[120.45144653320335,14.963219642639103],[120.46061706542969,14.929659843444938],[120.43585968017624,14.88201045990013],[120.37589263916027,14.891059875488395],[120.33789825439487,14.828359603881836],[120.29657745361351,14.801300048828125],[120.2960662841798,14.800620079040641],[120.29444122314453,14.800379753112736],[120.24388885498047,14.850000381469727],[120.23326873779297,14.876130104064998],[120.20694732666016,14.873889923095703],[120.21333312988327,14.815830230713004],[120.19167327880882,14.753609657287598],[120.15915679931709,14.737779617309513],[120.13361358642612,14.77278041839611],[120.09497833251953,14.781270027160701],[120.07833099365234,14.833889961242733],[120.08406829833996,14.853289604187239],[120.05795288085994,14.879300117492903],[120.0566635131836,14.944439888000659],[120.06527709960949,15.018329620361385],[120.05832672119175,15.079719543456974],[120.0266571044923,15.201109886169661],[120.01110839843761,15.234439849853572],[120.01583099365234,15.266949653625431],[119.96482849121094,15.326080322265682],[119.96524047851574,15.348480224609318],[119.90556335449241,15.400560379028434],[119.88971710205112,15.431389808654842],[119.91436767578125,15.443400382995605],[119.89971923828136,15.477219581604118],[119.94471740722702,15.478890419006404],[119.95971679687534,15.520930290222282],[119.91860198974621,15.577879905700797],[119.91010284423828,15.610690116882381],[119.9319534301759,15.66528034210205],[119.93305206298828,15.693610191345272],[119.8958435058596,15.70390987396246],[119.86865997314476,15.736089706420955],[119.90361022949219,15.748889923095817],[119.88834381103516,15.806670188903865],[119.92437744140659,15.806639671325684]]]}},{"type":"Feature","id":25,"properties":{"areaId":"cebu","name":"Cebu","province":"Cebu"},"geometry":{"type":"MultiPolygon","coordinates":[[[[124.0727462768557,10.287969589233455],[124.05692291259766,10.23993968963623],[124.03385162353516,10.246219635009709],[124.03721618652344,10.258460044860954],[124.0727462768557,10.287969589233455]]],[[[123.98818206787143,10.334449768066406],[124.00541687011741,10.31338977813715],[124.0266571044923,10.313739776611271],[123.98412322998058,10.258850097656534],[123.94944763183639,10.246109962463493],[123.9317703247076,10.252019882202148],[123.93020629882812,10.27626991271984],[123.94304656982445,10.311670303344783],[123.98818206787143,10.334449768066406]]],[[[124.43881225585983,10.717800140380916],[124.48520660400413,10.69921016693121],[124.51233673095703,10.67677974700922],[124.51690673828125,10.660180091858024],[124.50063323974621,10.643989562988224],[124.45575714111328,10.628789901733626],[124.40097045898449,10.628569602966309],[124.35222625732467,10.616009712219295],[124.32483673095703,10.601200103759766],[124.31111145019531,10.586150169372672],[124.28182983398438,10.587269783019963],[124.27825164794933,10.612930297851562],[124.30246734619152,10.644709587097168],[124.30996704101562,10.66322994232172],[124.31639862060558,10.709670066833723],[124.34668731689499,10.707929611206112],[124.37744903564499,10.682570457458496],[124.38040924072266,10.652290344238338],[124.39510345458984,10.663149833679142],[124.39884185791016,10.683830261230582],[124.41264343261719,10.705960273742676],[124.43881225585983,10.717800140380916]]],[[[124.56472015380871,10.814169883728027],[124.56610870361362,10.796939849853516],[124.5566635131836,10.77443981170677],[124.53305816650402,10.743889808654842],[124.50083160400402,10.729720115661848],[124.4983367919923,10.758609771728572],[124.54055786132812,10.805000305175781],[124.56472015380871,10.814169883728027]]],[[[124.0622482299807,11.278889656066838],[124.0702133178711,11.255330085754622],[124.03752899169933,11.206660270690975],[124.03547668457065,11.148489952087402],[123.99360656738281,11.094440460205078],[123.98999786376953,11.076390266418457],[124.01158905029308,11.058050155639648],[124.04234313964878,11.054550170898494],[124.03810882568371,11.019459724426383],[124.04489898681663,10.990949630737305],[124.03034210205078,10.929280281066895],[124.04457855224621,10.910989761352766],[124.05478668212902,10.881609916687069],[124.04058837890636,10.859979629516602],[124.03016662597656,10.82361030578619],[124.03443908691406,10.807760238647575],[124.02686309814464,10.778949737548771],[124.0118637084961,10.770730018615723],[124.00473785400402,10.751919746398926],[124.01570129394565,10.730750083923283],[124.01222229003906,10.704449653625488],[124.0291137695317,10.632659912109602],[124.0213012695317,10.5897798538208],[124.03691864013672,10.546299934387207],[124.02976226806675,10.535240173339957],[124.03263092041016,10.497130393981934],[123.99880981445324,10.415069580078239],[124.00254058837925,10.396309852600098],[124.02075958251964,10.382390022277946],[124.00261688232433,10.359669685363826],[123.97055816650436,10.348609924316406],[123.96591949462925,10.327989578247013],[123.94132232666038,10.321900367736816],[123.887939453125,10.28577995300293],[123.86377716064464,10.248550415039176],[123.83706665039074,10.234809875488338],[123.8021011352539,10.237899780273551],[123.76802062988293,10.22694015502941],[123.75829315185558,10.200469970703182],[123.72680664062545,10.176739692688045],[123.70173645019543,10.151619911193904],[123.68734741210949,10.127980232238713],[123.67617797851574,10.082590103149414],[123.6515274047855,10.089839935302734],[123.6262435913086,10.048159599304313],[123.62082672119175,10.005829811096135],[123.61502838134811,9.995559692382812],[123.62557983398483,9.975689888000716],[123.62518310546898,9.949130058288802],[123.60639190673851,9.904170036316032],[123.60881805419922,9.87454986572277],[123.57398223876953,9.857720375061263],[123.55970764160156,9.816289901733455],[123.53653717041016,9.804010391235465],[123.5308837890625,9.775500297546387],[123.53600311279331,9.756030082702637],[123.52204132080078,9.74989032745367],[123.50948333740268,9.730340003967342],[123.51024627685581,9.696310043335018],[123.4733581542971,9.605259895324764],[123.46701049804688,9.572259902954215],[123.43567657470737,9.520429611206282],[123.39595794677734,9.490949630737248],[123.3719482421875,9.446390151977653],[123.35243225097679,9.423540115356388],[123.33141326904342,9.412329673767147],[123.30005645751987,9.418840408325252],[123.30246734619186,9.450830459594727],[123.29670715332043,9.474140167236328],[123.29810333251987,9.499810218810978],[123.3109283447269,9.572420120239315],[123.31520080566452,9.576769828796387],[123.32543945312523,9.640760421752987],[123.32615661621094,9.679499626159782],[123.33831024169933,9.713470458984375],[123.34588623046875,9.791000366211051],[123.37078094482422,9.81663036346447],[123.37274932861351,9.841970443725586],[123.39716339111351,9.877860069274902],[123.39723968505871,9.92825031280529],[123.3752670288086,9.933609962463436],[123.36633300781261,9.945949554443473],[123.37486267089844,9.997300148010254],[123.39167022705078,9.981940269470158],[123.40860748291038,10.001669883728084],[123.40534210205112,10.02196979522705],[123.41474914550781,10.051090240478459],[123.46823120117222,10.097160339355412],[123.48327636718773,10.118579864502067],[123.51737976074264,10.152819633483944],[123.52224731445312,10.184129714965934],[123.5505828857423,10.23050975799572],[123.58238220214844,10.264280319213924],[123.57833099365246,10.2939195632934],[123.58598327636741,10.30887985229515],[123.57952880859375,10.323450088500977],[123.59248352050781,10.347889900207633],[123.63941955566406,10.38053989410406],[123.64221954345703,10.399169921875057],[123.66764831542969,10.414259910583553],[123.67665863037121,10.456640243530217],[123.71396636962913,10.49841022491455],[123.70365905761753,10.518480300903377],[123.70426940917969,10.544190406799373],[123.7122268676759,10.56741046905529],[123.72601318359375,10.57166957855236],[123.7472915649414,10.614999771118278],[123.74149322509811,10.632980346679688],[123.7523193359375,10.641779899597111],[123.79386138916027,10.700139999389705],[123.8007507324221,10.721320152282942],[123.83094024658249,10.733839988708496],[123.83055877685592,10.75444030761713],[123.85117340087902,10.796999931335563],[123.87683105468761,10.82715988159191],[123.86875152587913,10.836640357971305],[123.90421295166027,10.935850143432674],[123.92054748535156,10.948889732360897],[123.93015289306652,10.994770050049055],[123.90110778808594,11.033889770507812],[123.93303680419967,11.065019607543945],[123.93277740478516,11.104999542236385],[123.9511108398442,11.088060379028434],[123.9558334350586,11.11388969421398],[123.9416732788086,11.160559654235897],[123.9438934326173,11.18667030334484],[123.9872207641605,11.225560188293514],[123.99777984619163,11.25],[123.99916839599655,11.271940231323299],[124.02583312988281,11.280099868774528],[124.0622482299807,11.278889656066838]]],[[[123.7300033569336,11.300559997558594],[123.74500274658203,11.291669845581168],[123.75721740722656,11.268059730529899],[123.76833343505882,11.208889961242619],[123.78249359130905,11.186380386352596],[123.80278015136753,11.17249965667719],[123.80750274658214,11.151390075683594],[123.7815170288086,11.145609855652083],[123.75472259521518,11.149999618530273],[123.7219467163086,11.136389732360897],[123.71666717529297,11.164999961853084],[123.6988906860355,11.212499618530387],[123.69014739990234,11.218480110168457],[123.70040130615246,11.24870967865013],[123.70944213867233,11.254719734191895],[123.7300033569336,11.300559997558594]]],[[[123.89026641845749,11.295829772949276],[123.88471984863281,11.33360958099371],[123.90222167968773,11.343330383301009],[123.89971923828136,11.305830001831055],[123.89026641845749,11.295829772949276]]]]}},{"type":"Feature","id":52,"properties":{"areaId":"negros","name":"Negros","province":"Negros Oriental"},"geometry":{"type":"Polygon","coordinates":[[[123.25163269042991,10.413430213928166],[123.33601379394543,10.38257980346691],[123.32556915283237,10.341059684753418],[123.33139038085938,10.277779579162711],[123.32575988769565,10.253459930419865],[123.30127716064499,10.200860023498763],[123.2875366210942,10.188190460205192],[123.28383636474621,10.138110160827637],[123.2488479614259,10.057600021362418],[123.23947143554733,10.045289993286246],[123.22721862792991,10.003609657287654],[123.21365356445347,9.997240066528434],[123.18257904052757,9.953439712524414],[123.17981719970726,9.928000450134277],[123.16133880615268,9.916460037231445],[123.1472396850586,9.891799926757812],[123.15109252929722,9.859720230102653],[123.13889312744175,9.846110343933162],[123.13835906982422,9.828260421752987],[123.15190124511719,9.77985000610363],[123.14537811279331,9.766599655151367],[123.15438842773438,9.749679565429688],[123.15316772460938,9.728090286254996],[123.16110992431652,9.708000183105526],[123.1520690917971,9.685210227966309],[123.1498489379884,9.651160240173454],[123.1216812133789,9.655610084533805],[123.10778045654297,9.624440193176213],[123.13527679443382,9.606109619140682],[123.12304687500011,9.551670074463118],[123.15467834472656,9.54745006561302],[123.17916870117188,9.505829811096248],[123.190711975098,9.475009918212947],[123.22702789306663,9.466050148010197],[123.23856353759788,9.446089744567928],[123.23503875732445,9.426079750061092],[123.25579071044922,9.397680282592717],[123.2677993774414,9.370140075683594],[123.29929351806675,9.353400230407772],[123.31316375732456,9.318849563598633],[123.29450988769531,9.235489845275879],[123.28633117675815,9.213179588318098],[123.24594116210938,9.163849830627498],[123.23782348632847,9.14612007141136],[123.21201324462936,9.119029998779297],[123.20024871826206,9.093529701232853],[123.17978668212902,9.092550277709961],[123.12980651855514,9.046779632568416],[123.10246276855503,9.061619758605957],[123.07465362548828,9.066570281982422],[123.05973815918003,9.052249908447266],[123.02735900878906,9.046219825744743],[123.01587677001976,9.038180351257552],[122.98388671875045,9.053890228271598],[122.96499633789062,9.069169998168945],[122.94277954101562,9.074999809265364],[122.899169921875,9.166669845581168],[122.8702774047855,9.253890037536564],[122.87805175781261,9.268890380859432],[122.8646469116211,9.328889846801871],[122.84555816650413,9.331939697265568],[122.81111145019543,9.357780456543196],[122.78083038330112,9.366669654846135],[122.67472076416027,9.379719734192008],[122.62444305419922,9.422220230102539],[122.61290740966842,9.420319557189941],[122.64808654785156,9.50012016296381],[122.69590759277355,9.554809570312727],[122.73700714111362,9.589030265808333],[122.81552886962936,9.694879531860408],[122.92868041992188,9.836640357971135],[122.9911575317384,9.909870147705305],[123.01045227050827,9.969149589538631],[123.02062225341808,10.010580062866211],[123.07559967041016,10.096179962158203],[123.11405944824219,10.164110183715934],[123.2008972167971,10.267910003662223],[123.16542053222679,10.340959548950138],[123.12914276123047,10.410329818725586],[123.25163269042991,10.413430213928166]]]}},{"type":"Feature","id":26,"properties":{"areaId":"apo","name":"Davao & Cotabato","province":"Compostela Valley"},"geometry":{"type":"Polygon","coordinates":[[[125.94243621826217,7.074349880218506],[125.88407897949253,7.126220226287842],[125.89277648925781,7.163330078125],[125.83837890625023,7.250879764556942],[125.85555267333984,7.348330020904598],[125.83194732666061,7.361939907074088],[125.83052825927746,7.365379810333195],[125.83248138427734,7.368350028991813],[125.83171081542969,7.370019912719783],[125.83210754394531,7.371200084686336],[125.83380889892578,7.373390197753963],[125.83434295654308,7.37680006027216],[125.83300018310547,7.377399921417464],[125.83177947998058,7.379149913787842],[125.83157348632824,7.380459785461369],[125.83101654052746,7.382730007171745],[125.83116149902344,7.386020183563346],[125.82663726806652,7.432270050048942],[125.84063720703136,7.467669963836613],[125.87386322021484,7.477839946746826],[125.85250854492188,7.528100013732967],[125.91941070556652,7.542590141296387],[125.93817901611374,7.646739959716797],[125.90323638916016,7.690849781036434],[125.92922973632824,7.71924018859869],[125.94111633300815,7.768249988555908],[125.9218368530278,7.809140205383528],[125.89851379394577,7.806759834289551],[125.82720184326183,7.706150054931754],[125.80085754394577,7.654930114746151],[125.76847839355514,7.726669788360596],[125.73873901367222,7.740759849548454],[125.70337677001953,7.78259992599493],[125.67523956298828,7.998169898986816],[125.80062866210938,7.995600223541203],[125.98081970214844,7.998219966888428],[125.99806976318405,7.962530136108455],[126.0520935058596,7.936250209808463],[126.11248779296875,7.982180118560848],[126.16287994384777,8.000020027160645],[126.14732360839844,7.971059799194336],[126.20488739013717,7.798130035400334],[126.23686218261719,7.664020061492977],[126.26358795166027,7.581120014190731],[126.29009246826217,7.445469856262321],[126.29570007324219,7.270709991455192],[125.96476745605503,7.096809864044133],[125.94243621826217,7.074349880218506]]]}},{"type":"Feature","id":27,"properties":{"areaId":"apo","name":"Davao & Cotabato","province":"Davao del Norte"},"geometry":{"type":"MultiPolygon","coordinates":[[[[125.6847534179692,6.961530208587646],[125.72458648681652,6.92096996307373],[125.68930816650402,6.904860019683952],[125.66847229003906,6.946959972381649],[125.6847534179692,6.961530208587646]]],[[[125.70741271972668,7.197450160980281],[125.76190185546875,7.16290998458868],[125.79747009277389,7.114099979400635],[125.78296661376976,7.087800025939941],[125.77620697021484,7.027090072631836],[125.79326629638695,6.93835020065319],[125.76908874511719,6.895949840545597],[125.72305297851574,6.964779853820858],[125.72189331054733,7.043069839477766],[125.71047210693371,7.071070194244498],[125.6714782714846,7.071139812469426],[125.66368865966797,7.108220100402946],[125.68032836914074,7.126200199127311],[125.69420623779297,7.188449859619197],[125.70741271972668,7.197450160980281]]],[[[125.83116149902344,7.386020183563346],[125.83101654052746,7.382730007171745],[125.83157348632824,7.380459785461369],[125.83177947998058,7.379149913787842],[125.83300018310547,7.377399921417464],[125.83434295654308,7.37680006027216],[125.83380889892578,7.373390197753963],[125.83210754394531,7.371200084686336],[125.83171081542969,7.370019912719783],[125.83248138427734,7.368350028991813],[125.83052825927746,7.365379810333195],[125.83194732666061,7.361939907074088],[125.7551193237307,7.331960201263428],[125.7146224975586,7.300179958343506],[125.67359161376953,7.302149772644157],[125.61421966552734,7.244209766388053],[125.50924682617199,7.239220142364559],[125.5115585327153,7.387909889221248],[125.50537109375,7.558400154113713],[125.44851684570335,7.567230224609489],[125.25363922119186,7.564780235290527],[125.25241088867199,7.643730163574162],[125.3009033203125,7.648859977722225],[125.32256317138706,7.627449989318904],[125.36836242675781,7.638239860534782],[125.40750122070335,7.626220226287955],[125.43073272705078,7.655590057373104],[125.442909240723,7.716479778289852],[125.44106292724643,7.771500110626221],[125.41744232177734,7.817319869995117],[125.42089080810547,7.911930084228572],[125.38165283203136,7.985549926757812],[125.67523956298828,7.998169898986816],[125.70337677001953,7.78259992599493],[125.73873901367222,7.740759849548454],[125.76847839355514,7.726669788360596],[125.80085754394577,7.654930114746151],[125.82720184326183,7.706150054931754],[125.89851379394577,7.806759834289551],[125.9218368530278,7.809140205383528],[125.94111633300815,7.768249988555908],[125.92922973632824,7.71924018859869],[125.90323638916016,7.690849781036434],[125.93817901611374,7.646739959716797],[125.91941070556652,7.542590141296387],[125.85250854492188,7.528100013732967],[125.87386322021484,7.477839946746826],[125.84063720703136,7.467669963836613],[125.82663726806652,7.432270050048942],[125.83116149902344,7.386020183563346]]]]}},{"type":"Feature","id":28,"properties":{"areaId":"apo","name":"Davao & Cotabato","province":"Davao del Sur"},"geometry":{"type":"MultiPolygon","coordinates":[[[[125.39778137207054,5.435830116271973],[125.42759704589855,5.421989917755127],[125.42421722412143,5.369359970092717],[125.34908294677734,5.371789932250977],[125.36016845703125,5.420599937439022],[125.39778137207054,5.435830116271973]]],[[[125.47860717773438,5.495560169220084],[125.49971008300793,5.468050003051871],[125.47972106933628,5.394720077514762],[125.46360778808594,5.393970012664909],[125.45397186279331,5.465159893035832],[125.47860717773438,5.495560169220084]]],[[[125.7146224975586,7.300179958343506],[125.64836120605469,7.237679958343563],[125.6641464233403,7.123899936676025],[125.60919189453136,7.048429965973128],[125.53610229492188,7.038869857788029],[125.48906707763706,6.984350204467773],[125.49025726318371,6.921589851379395],[125.4558715820317,6.894680023193359],[125.45114135742188,6.869319915771484],[125.38407135009766,6.80145978927618],[125.38639068603561,6.74056005477928],[125.37312316894531,6.72700023651123],[125.38526916503918,6.64277982711792],[125.40009307861328,6.603879928588924],[125.44328308105514,6.578129768371809],[125.48471069335938,6.569769859314022],[125.51387023925815,6.548570156097469],[125.5197219848634,6.520279884338493],[125.56490325927734,6.531469821929932],[125.58975219726585,6.489820003509465],[125.58145141601585,6.426799774169922],[125.60756683349643,6.419929981231689],[125.63944244384788,6.360829830169735],[125.67386627197288,6.257100105285701],[125.70345306396518,6.211659908294735],[125.7126617431644,6.171000003814811],[125.70313262939487,6.126669883728027],[125.7007675170903,6.022769927978459],[125.66194152832054,5.920829772949162],[125.602783203125,5.860280036926383],[125.56514739990257,5.800169944763411],[125.54805755615268,5.791110038757552],[125.48410797119175,5.696090221405029],[125.41443634033214,5.573379993438834],[125.38555908203159,5.558889865875244],[125.32333374023438,5.568890094757194],[125.3081893920903,5.588789939880371],[125.39453887939476,5.653480052948112],[125.3962173461914,5.673580169677734],[125.48760223388706,5.8505601882934],[125.48491668701183,5.93281984329235],[125.5071029663086,6.002200126647949],[125.53411102294922,6.057459831237736],[125.53106689453125,6.110350131988525],[125.50965881347702,6.138259887695256],[125.50373840332077,6.234310150146428],[125.46842193603527,6.301000118255558],[125.41956329345703,6.331870079040527],[125.39962005615268,6.31988000869751],[125.32530212402366,6.332409858703613],[125.26138305664097,6.334259986877498],[125.205116271973,6.396160125732479],[125.17912292480503,6.410200119018498],[125.16728973388717,6.452760219573975],[125.19870758056686,6.510240077972639],[125.19291687011753,6.59332990646368],[125.17501831054688,6.634840011596793],[125.13327789306686,6.680840015411377],[125.13205718994152,6.723440170288086],[125.1005630493164,6.818699836731071],[125.16011047363315,6.839389801025447],[125.16573333740246,6.882090091705265],[125.18701171875023,6.891290187835693],[125.25833129882847,6.96222019195568],[125.28923034668003,7.060349941253719],[125.28415679931686,7.12294006347679],[125.24124145507858,7.158400058746338],[125.22683715820312,7.204249858856315],[125.24519348144554,7.251999855041447],[125.22678375244163,7.352250099182186],[125.24716949462902,7.378240108490104],[125.24189758300781,7.463500022888184],[125.26467895507812,7.503709793090877],[125.25363922119186,7.564780235290527],[125.44851684570335,7.567230224609489],[125.50537109375,7.558400154113713],[125.5115585327153,7.387909889221248],[125.50924682617199,7.239220142364559],[125.61421966552734,7.244209766388053],[125.67359161376953,7.302149772644157],[125.7146224975586,7.300179958343506]]]]}},{"type":"Feature","id":29,"properties":{"areaId":"apo","name":"Davao & Cotabato","province":"Davao Oriental"},"geometry":{"type":"Polygon","coordinates":[[[125.94243621826217,7.074349880218506],[125.96476745605503,7.096809864044133],[126.29570007324219,7.270709991455192],[126.29009246826217,7.445469856262321],[126.26358795166027,7.581120014190731],[126.23686218261719,7.664020061492977],[126.20488739013717,7.798130035400334],[126.14732360839844,7.971059799194336],[126.16287994384777,8.000020027160645],[126.35117340087936,8.00092983245861],[126.34969329833984,7.930429935455322],[126.38194274902355,7.868609905242863],[126.38858032226597,7.82998991012596],[126.44750213623092,7.81194019317627],[126.49527740478516,7.741940021515006],[126.53128051757812,7.74098014831543],[126.5521469116211,7.698820114135685],[126.57305908203136,7.574719905853215],[126.59915161132847,7.501520156860352],[126.59500122070347,7.448890209197941],[126.55785369873047,7.447219848632869],[126.55457305908237,7.320799827575627],[126.56658935546909,7.287759780883846],[126.60083007812511,7.274069786071721],[126.56221008300804,7.20398998260498],[126.53414916992199,7.206950187683162],[126.51727294921886,7.125209808349723],[126.48896026611362,7.117829799652043],[126.45070648193371,7.051569938659611],[126.4457473754884,7.018889904022444],[126.4036102294923,6.992149829864502],[126.33471679687545,7.003330230713004],[126.31262207031261,6.968719959259261],[126.29028320312545,6.905560016632194],[126.34748077392578,6.851900100708008],[126.3498992919923,6.802080154418888],[126.30187225341797,6.806990146637077],[126.28495025634777,6.841440200805891],[126.30023193359386,6.86362981796276],[126.24241638183605,6.935520172119197],[126.19709014892578,6.951330184936467],[126.1775512695317,6.900219917297363],[126.18305206298828,6.853950023651237],[126.26096343994209,6.75455999374384],[126.25055694580101,6.703060150146541],[126.21980285644531,6.633830070495719],[126.2313003540039,6.55214977264427],[126.21475982666027,6.516849994659538],[126.22805786132812,6.435560226440543],[126.2000503540039,6.394589900970516],[126.19917297363315,6.338890075683707],[126.14389038085938,6.374169826507568],[126.15023040771507,6.418719768524227],[126.10076904296875,6.483419895172119],[126.08363342285168,6.531139850616569],[126.09130859375,6.584209918975773],[126.06889343261764,6.649169921875057],[126.09694671630893,6.737500190734863],[126.07505035400402,6.761889934539852],[126.08580780029342,6.80472993850708],[126.07341766357467,6.855939865112418],[126.02306365966842,6.875],[125.97666931152344,6.928609848022575],[125.98583221435547,6.989719867706242],[125.98129272460983,7.029489994049186],[125.94243621826217,7.074349880218506]]]}},{"type":"Feature","id":14,"properties":{"areaId":"leyte","name":"Leyte","province":"Biliran"},"geometry":{"type":"MultiPolygon","coordinates":[[[[124.26631927490268,11.582779884338493],[124.27591705322266,11.56344985961914],[124.26220703125011,11.55547046661377],[124.25421142578136,11.578789710998649],[124.26631927490268,11.582779884338493]]],[[[124.4263381958009,11.706819534301701],[124.43511199951183,11.70127010345459],[124.46636962890625,11.705510139465446],[124.47627258300815,11.6973495483399],[124.53692626953159,11.675020217895508],[124.54268646240246,11.654809951782227],[124.56606292724621,11.616780281067122],[124.5630874633789,11.605839729309082],[124.58450317382812,11.566390037536621],[124.61736297607433,11.54353046417259],[124.6160888671875,11.511870384216309],[124.60669708251964,11.494170188903865],[124.57749938964855,11.47249984741211],[124.5548477172855,11.477959632873535],[124.50147247314453,11.472100257873763],[124.47924804687545,11.462909698486271],[124.4630584716798,11.467220306396712],[124.44229888916061,11.487569808959904],[124.42357635498058,11.515029907226676],[124.41472625732445,11.537309646606445],[124.39122009277344,11.559289932251204],[124.39261627197266,11.599260330200195],[124.3788833618164,11.623180389404297],[124.3563232421875,11.644869804382324],[124.36157226562545,11.681539535522404],[124.38049316406273,11.693059921264648],[124.4263381958009,11.706819534301701]]],[[[124.32245635986328,11.81355953216547],[124.34998321533249,11.804220199584961],[124.34747314453136,11.772789955139103],[124.32460784912132,11.759490013122786],[124.3026123046875,11.770979881286735],[124.29209899902344,11.788330078125057],[124.300086975098,11.80580997467041],[124.32245635986328,11.81355953216547]]]]}},{"type":"Feature","id":43,"properties":{"areaId":"leyte","name":"Leyte","province":"Leyte"},"geometry":{"type":"Polygon","coordinates":[[[125.14943695068382,10.622229576110783],[125.11350250244186,10.58745002746582],[125.05296325683594,10.523870468139705],[124.9398422241211,10.524330139160213],[124.92140960693371,10.459070205688477],[124.89318084716808,10.404399871826172],[124.89988708496128,10.265020370483398],[124.87493133544922,10.266449928283748],[124.84546661376999,10.252759933471623],[124.83271789550793,10.23698043823265],[124.80531311035156,10.219710350036678],[124.77528381347668,10.185330390930233],[124.75940704345703,10.192119598388672],[124.76715087890625,10.208290100097713],[124.76719665527378,10.241720199584961],[124.79100799560547,10.30276012420677],[124.78717803955078,10.329609870910645],[124.76512908935547,10.357769966125602],[124.73361206054699,10.375],[124.72264099121105,10.408029556274471],[124.73000335693393,10.45645999908453],[124.72061157226562,10.487489700317383],[124.7526626586914,10.511699676513786],[124.76614379882824,10.536910057067928],[124.76296997070312,10.573320388793945],[124.77668762207031,10.638810157775936],[124.79403686523472,10.63868045806879],[124.8034896850586,10.663279533386344],[124.79531860351574,10.678959846496639],[124.79322052001964,10.732350349426326],[124.78410339355514,10.749320030212402],[124.78265380859398,10.775930404663029],[124.76155853271496,10.817999839782772],[124.70702362060558,10.880089759826717],[124.70247650146518,10.904800415039062],[124.68154144287121,10.94048976898199],[124.66156005859375,10.947279930114746],[124.6232528686528,10.978719711303711],[124.6198883056644,10.99197959899908],[124.59413146972702,11.013850212097282],[124.57167816162121,11.004590034484977],[124.53864288330112,10.978019714355469],[124.5490493774414,10.965530395507926],[124.55082702636764,10.931670188903809],[124.54239654541027,10.908709526062069],[124.5171890258789,10.867959976196232],[124.47722625732456,10.865699768066406],[124.45086669921886,10.890569686889592],[124.42761993408249,10.89313983917242],[124.43789672851574,10.918499946594466],[124.41475677490234,10.94678020477295],[124.41699218750011,10.914179801940918],[124.38790130615246,10.913080215454329],[124.37542724609432,10.923100471496639],[124.40006256103516,10.974169731140194],[124.4027328491211,11.026049613952694],[124.38258361816418,11.045900344848746],[124.38471984863315,11.093250274658317],[124.3988723754884,11.103340148925781],[124.40247344970703,11.120510101318473],[124.38468933105491,11.183489799499512],[124.3851470947269,11.222700119018555],[124.40218353271484,11.240819931030273],[124.37596893310547,11.273980140686149],[124.39055633544967,11.29193973541254],[124.356727600098,11.30136966705328],[124.34200286865234,11.315520286560172],[124.33599853515625,11.346440315246582],[124.34131622314453,11.36238956451416],[124.31607818603516,11.416119575500716],[124.28978729248081,11.492480278015137],[124.28562927246094,11.529370307922363],[124.3179168701173,11.562359809875488],[124.37880706787143,11.505229949951286],[124.45551300048828,11.41471958160406],[124.470947265625,11.383529663085938],[124.48097229003952,11.385809898376465],[124.4760131835942,11.418800354003906],[124.46517181396496,11.439800262451286],[124.47979736328125,11.452779769897518],[124.52149963378906,11.436809539795092],[124.53752899169922,11.421480178832951],[124.53450012207065,11.401909828186263],[124.54907226562511,11.368590354919434],[124.55091094970726,11.341750144958496],[124.58506774902344,11.305100440978947],[124.60778045654297,11.312219619750977],[124.65083312988293,11.294170379638672],[124.67054748535156,11.304439544677734],[124.7019271850586,11.30515003204357],[124.72666931152355,11.326669692993278],[124.74964141845737,11.334039688110579],[124.7847595214846,11.371089935302962],[124.80639648437511,11.384309768676928],[124.80581665039074,11.401029586791992],[124.81671142578193,11.42942047119152],[124.84899139404297,11.421759605407829],[124.87355804443428,11.436180114746094],[124.90715789794922,11.422459602356241],[124.94586181640659,11.426850318908691],[124.95147705078125,11.40110969543457],[124.96611022949219,11.390000343322754],[124.96885681152344,11.341239929199446],[124.9622421264653,11.315520286560172],[124.96298217773449,11.279450416564998],[124.97860717773449,11.253060340881348],[125.00302124023449,11.253569602966252],[125.0058364868164,11.219169616699446],[125.01915740966831,11.221389770507812],[125.02578735351562,11.196590423584041],[125.0111083984375,11.169719696045036],[125.0143890380865,11.134229660034237],[125.02555847167991,11.128100395202921],[125.02166748046875,11.094719886779728],[125.03916931152355,11.068610191345215],[125.04055786132812,10.994720458984489],[125.03527832031261,10.942219734192008],[125.01055908203136,10.880279541015739],[125.00273895263683,10.822739601135197],[125.00499725341797,10.788330078125114],[125.01416778564453,10.746669769287223],[125.04041290283214,10.718050003051701],[125.08915710449253,10.71055984497076],[125.11499786376964,10.692500114441032],[125.10527801513683,10.673330307006779],[125.11250305175793,10.659999847412166],[125.14584350585938,10.635000228881836],[125.14943695068382,10.622229576110783]]]}},{"type":"Feature","id":72,"properties":{"areaId":"leyte","name":"Leyte","province":"Southern Leyte"},"geometry":{"type":"Polygon","coordinates":[[[125.14943695068382,10.622229576110783],[125.18389129638706,10.595000267028809],[125.18789672851597,10.560440063476676],[125.16471862792969,10.534170150756893],[125.19167327880871,10.471960067749023],[125.17920684814453,10.42926025390625],[125.21459960937534,10.385290145874137],[125.24028015136764,10.394439697265682],[125.25776672363315,10.372220039367733],[125.25430297851562,10.356949806213493],[125.26526641845749,10.327779769897461],[125.26805877685581,10.298890113830794],[125.2491836547855,10.25475978851324],[125.20855712890659,10.246210098266602],[125.16278839111351,10.264510154724348],[125.14176177978516,10.277119636535758],[125.12615203857456,10.26264953613287],[125.1291732788086,10.2119398117066],[125.13968658447277,10.1736097335816],[125.13194274902389,10.161109924316406],[125.16388702392578,10.133609771728572],[125.21111297607433,10.128890037536678],[125.2249984741211,10.090829849243391],[125.23278045654331,10.083060264587402],[125.2558364868164,10.022219657898063],[125.2799987792971,9.995280265808162],[125.27166748046875,9.971940040588379],[125.2961120605471,9.938059806823787],[125.28888702392578,9.912500381469783],[125.2559967041019,9.91384029388422],[125.24851226806652,9.947649955749625],[125.2378921508789,9.962450027465877],[125.22300720214844,9.96271991729759],[125.19931793212913,10.013179779052734],[125.1816177368164,10.042260169982853],[125.14193725585972,10.058329582214299],[125.12452697753918,10.08329963684082],[125.11638641357422,10.113059997558594],[125.11736297607422,10.153149604797477],[125.12638854980469,10.161109924316406],[125.11723327636719,10.181670188903809],[125.09249877929699,10.204719543457145],[125.0638885498048,10.26138973236084],[125.05777740478527,10.288610458373967],[125.04055786132812,10.309439659118652],[125.03694152832031,10.338060379028434],[125.02471923828125,10.368330001830998],[125.008056640625,10.380279541015625],[124.97953796386719,10.382390022277946],[124.96861267089878,10.37528038024908],[124.97588348388672,10.343179702758846],[124.97222137451183,10.332779884338379],[124.98444366455112,10.272219657898006],[124.98473358154308,10.24444961547863],[124.9775009155278,10.214440345764274],[124.98417663574264,10.185520172119254],[125.00417327880871,10.155559539794979],[125.01246643066418,10.103179931640852],[125.02388763427734,10.087779998779297],[125.01866912841808,10.031660079956168],[124.98372650146484,10.034709930419922],[124.94682312011719,10.066120147705192],[124.9374237060548,10.080470085144043],[124.9067535400394,10.088609695434684],[124.89082336425781,10.120269775390625],[124.84764862060547,10.131879806518555],[124.80300903320312,10.130370140075684],[124.77185058593761,10.14375019073492],[124.75756835937511,10.15608024597168],[124.75940704345703,10.192119598388672],[124.77528381347668,10.185330390930233],[124.80531311035156,10.219710350036678],[124.83271789550793,10.23698043823265],[124.84546661376999,10.252759933471623],[124.87493133544922,10.266449928283748],[124.89988708496128,10.265020370483398],[124.89318084716808,10.404399871826172],[124.92140960693371,10.459070205688477],[124.9398422241211,10.524330139160213],[125.05296325683594,10.523870468139705],[125.11350250244186,10.58745002746582],[125.14943695068382,10.622229576110783]]]}},{"type":"Feature","id":34,"properties":{"areaId":"ilocos","name":"Ilocos","province":"Ilocos Norte"},"geometry":{"type":"Polygon","coordinates":[[[120.53491210937545,17.70373916625988],[120.51599121093761,17.722150802612305],[120.51277160644554,17.791990280151367],[120.53308105468773,17.836690902710018],[120.52503967285156,17.891620635986442],[120.44387054443405,17.902650833129826],[120.42922973632835,17.915479660034464],[120.47194671630871,17.952220916748104],[120.49722290039085,17.99333000183117],[120.47334289550781,18.035560607910156],[120.48388671875,18.098329544067496],[120.51833343505893,18.1505508422851],[120.52471923828125,18.20499992370611],[120.55027770996094,18.235000610351676],[120.58889007568405,18.306669235229606],[120.6002807617192,18.34499931335455],[120.59443664550815,18.41361045837408],[120.5625,18.492500305175895],[120.62110900878929,18.54445075988781],[120.66889190673851,18.53166961669922],[120.75583648681652,18.535560607910384],[120.78778076171886,18.570280075073356],[120.77999877929733,18.61750030517578],[120.85388946533237,18.647499084472713],[120.89778137207031,18.572219848632926],[120.95417022705078,18.558889389038086],[120.97926330566452,18.5806694030764],[120.96105194091797,18.447460174560547],[120.94243621826172,18.364530563354492],[120.95442962646484,18.334339141845646],[120.94969177246094,18.293729782104606],[120.95893096923862,18.19866943359375],[120.97048950195358,18.156089782714787],[120.93647766113315,18.099990844726676],[120.94046783447277,17.99714088439947],[120.90973663330078,17.95058059692377],[120.84979248046886,17.96340942382824],[120.82556915283214,17.955280303955135],[120.78321838378918,17.911699295044002],[120.72754669189499,17.89289093017578],[120.69017028808639,17.834899902343693],[120.6012802124028,17.809459686279297],[120.56514739990234,17.77313995361328],[120.53491210937545,17.70373916625988]]]}},{"type":"Feature","id":35,"properties":{"areaId":"ilocos","name":"Ilocos","province":"Ilocos Sur"},"geometry":{"type":"Polygon","coordinates":[[[120.53491210937545,17.70373916625988],[120.49040222167969,17.601650238037166],[120.48757171630871,17.54500007629406],[120.46765136718784,17.495719909668082],[120.51654815673874,17.499519348144588],[120.58556365966797,17.476249694824276],[120.57874298095714,17.430540084838867],[120.5388412475586,17.357610702514762],[120.55795288085949,17.30777931213379],[120.60720062255905,17.31217002868658],[120.68264770507812,17.255729675293196],[120.67767333984375,17.208839416503963],[120.68620300292969,17.166650772094727],[120.76637268066406,17.159519195556697],[120.79891204833984,17.187879562377873],[120.84982299804722,17.188919067382812],[120.7818374633789,17.113950729370174],[120.7743377685548,17.075290679931584],[120.7871932983403,16.987800598144645],[120.78443908691406,16.952390670776424],[120.74340057373081,16.913709640502987],[120.67151641845703,16.910480499267692],[120.64694976806663,16.899950027465763],[120.63037872314453,16.849929809570256],[120.62032318115246,16.730680465698185],[120.60794067382824,16.691440582275618],[120.58043670654342,16.65924072265625],[120.5376968383789,16.712099075317383],[120.55077362060547,16.75090980529808],[120.53369903564453,16.81748962402355],[120.5096664428711,16.8343505859375],[120.51782226562523,16.910570144653377],[120.41029357910156,16.920570373535156],[120.44580078125011,16.976060867309513],[120.44638824462902,17.050559997558707],[120.42111206054722,17.19111061096197],[120.42666625976562,17.335279464721793],[120.445556640625,17.341110229492188],[120.45971679687511,17.396940231323242],[120.43499755859375,17.481109619140625],[120.3513870239259,17.548889160156477],[120.34398651123092,17.57611083984375],[120.35250091552734,17.6327800750733],[120.3763885498048,17.683330535888786],[120.413612365723,17.706390380859375],[120.43222045898438,17.751390457153263],[120.4069595336914,17.780160903930778],[120.45805358886753,17.82500076293951],[120.43969726562511,17.866809844970817],[120.44387054443405,17.902650833129826],[120.52503967285156,17.891620635986442],[120.53308105468773,17.836690902710018],[120.51277160644554,17.791990280151367],[120.51599121093761,17.722150802612305],[120.53491210937545,17.70373916625988]]]}},{"type":"Feature","id":39,"properties":{"areaId":"ilocos","name":"Ilocos","province":"La Union"},"geometry":{"type":"Polygon","coordinates":[[[120.58043670654342,16.65924072265625],[120.5418930053711,16.607509613037166],[120.55880737304699,16.596960067749137],[120.51438903808616,16.54693984985363],[120.49664306640659,16.541160583496094],[120.46913146972656,16.494440078735465],[120.51441192626953,16.242919921875057],[120.51249694824219,16.237009048461914],[120.49945831298828,16.211439132690487],[120.41542053222656,16.20834922790533],[120.4008178710942,16.249629974365234],[120.35444641113293,16.274139404296875],[120.33957672119152,16.308860778808594],[120.34414672851574,16.348709106445312],[120.32229614257824,16.391876220703182],[120.33451843261753,16.42012786865257],[120.32940673828125,16.4691104888916],[120.30361175537143,16.50342941284191],[120.32054138183628,16.567810058593864],[120.29779052734386,16.60807037353527],[120.31658935546909,16.628910064697322],[120.34111785888717,16.725141525268498],[120.32884216308594,16.794950485229435],[120.34760284423874,16.84746932983421],[120.40000152587936,16.88138961791998],[120.41029357910156,16.920570373535156],[120.51782226562523,16.910570144653377],[120.5096664428711,16.8343505859375],[120.53369903564453,16.81748962402355],[120.55077362060547,16.75090980529808],[120.5376968383789,16.712099075317383],[120.58043670654342,16.65924072265625]]]}},{"type":"Feature","id":61,"properties":{"areaId":"ilocos","name":"Ilocos","province":"Pangasinan"},"geometry":{"type":"MultiPolygon","coordinates":[[[[119.9897232055664,16.34889030456543],[120.01200103759788,16.314210891723576],[119.98916625976608,16.235559463501033],[119.94611358642624,16.286390304565487],[119.94294738769554,16.33037948608421],[119.9897232055664,16.34889030456543]]],[[[119.92437744140659,15.806639671325684],[119.86138916015636,15.952779769897688],[119.8116683959961,15.954449653625545],[119.80486297607445,15.922120094299544],[119.76911926269565,15.918689727783374],[119.7495269775394,15.964520454406738],[119.77306365966842,16.0205593109132],[119.75556182861374,16.051649093628043],[119.7772216796875,16.12194061279297],[119.76000213623047,16.1833305358889],[119.77889251708996,16.308889389038143],[119.81694793701183,16.360279083251953],[119.85582733154297,16.368059158325195],[119.90028381347702,16.392780303955135],[119.92633056640636,16.35943984985363],[119.91361236572266,16.263330459594727],[120.02110290527344,16.17017936706543],[120.05377960205078,16.176530838012695],[120.10086822509822,16.15313911438011],[120.08872985839889,16.115879058838004],[120.10334014892612,16.062280654907227],[120.14415740966831,16.039310455322322],[120.19159698486362,16.04509925842285],[120.22360992431652,16.034719467163086],[120.33249664306652,16.06888961792015],[120.41634368896518,16.151639938354492],[120.41542053222656,16.20834922790533],[120.49945831298828,16.211439132690487],[120.51249694824219,16.237009048461914],[120.65534210205101,16.18766021728527],[120.76886749267578,16.20137023925787],[120.84138488769543,16.171499252319336],[120.87995147705124,16.10592079162592],[120.87967681884766,16.079250335693473],[120.92233276367188,15.978859901428336],[120.90319061279308,15.91117000579834],[120.87783050537121,15.888019561767578],[120.85874938964855,15.821629524230957],[120.81947326660179,15.793089866638184],[120.75746154785168,15.849639892578352],[120.72193145751953,15.853010177612362],[120.61280822753929,15.832099914550838],[120.58802032470726,15.88910961151123],[120.56928253173828,15.817580223083553],[120.54622650146518,15.769579887390194],[120.48107147216842,15.729840278625602],[120.40277862548828,15.765410423278809],[120.3759536743164,15.750570297241268],[120.3388290405278,15.68272972106945],[120.30728912353516,15.647259712219352],[120.25390625000045,15.61847972869873],[120.18160247802734,15.735699653625716],[120.15820312500045,15.817230224609432],[120.12953948974655,15.826259613037166],[120.08540344238293,15.810930252075195],[120.02880096435547,15.845259666442985],[119.99150848388717,15.794389724731502],[119.92437744140659,15.806639671325684]]]]}},{"type":"Feature","id":45,"properties":{"areaId":"marinduque","name":"Marinduque","province":"Marinduque"},"geometry":{"type":"MultiPolygon","coordinates":[[[[122.1483535766605,13.406359672546387],[122.12740325927734,13.400300025940055],[122.1203384399414,13.417209625244311],[122.12938690185547,13.425649642944506],[122.1483535766605,13.406359672546387]]],[[[122.09958648681663,13.50347995758068],[122.09037780761719,13.495690345764103],[122.06510162353516,13.504650115967024],[122.07669830322288,13.518059730529785],[122.09958648681663,13.50347995758068]]],[[[121.87050628662166,13.570670127868652],[121.89333343505893,13.54889011383068],[121.90045166015659,13.532580375671387],[121.91700744628906,13.526490211486873],[121.93417358398438,13.543259620666504],[121.9445571899414,13.531629562378214],[121.96666717529297,13.532777786254883],[121.988319396973,13.52548027038597],[122.00879669189476,13.549420356750488],[122.04678344726562,13.514820098877067],[122.05187225341797,13.47898960113531],[122.07367706298828,13.478449821472168],[122.08686065673874,13.489399909973201],[122.12428283691418,13.460949897766113],[122.12901306152389,13.448300361633244],[122.11692047119152,13.425339698791674],[122.12274169921886,13.393639564514274],[122.14452362060592,13.388859748840332],[122.13976287841831,13.369950294494743],[122.1268081665039,13.360730171203727],[122.12066650390648,13.339520454406795],[122.06842803955112,13.30568981170677],[122.06511688232467,13.288359642028809],[122.04799652099632,13.277999877929801],[122.05326843261719,13.241040229797363],[122.03273010253918,13.20197010040306],[122.0050277709961,13.199350357055664],[121.98195648193405,13.207509994507063],[121.96600341796909,13.220600128173828],[121.95166778564464,13.247449874878043],[121.92709350585972,13.25623989105236],[121.90683746337902,13.272239685058821],[121.88343048095703,13.27626037597662],[121.86419677734386,13.28623962402338],[121.83772277832031,13.334199905395508],[121.81919860839878,13.347149848938045],[121.82440948486374,13.405240058898926],[121.8105621337894,13.453419685363883],[121.83365631103516,13.477849960327262],[121.84372711181686,13.503230094909668],[121.85851287841797,13.521610260009822],[121.86459350585994,13.549409866333065],[121.8556213378912,13.56334018707281],[121.87050628662166,13.570670127868652]]]]}},{"type":"Feature","id":57,"properties":{"areaId":"mindoro","name":"Mindoro","province":"Occidental Mindoro"},"geometry":{"type":"MultiPolygon","coordinates":[[[[121.0138931274414,12.23528003692627],[121.02834320068428,12.213609695434513],[121.00694274902355,12.201390266418514],[121.00110626220703,12.220560073852596],[121.0138931274414,12.23528003692627]]],[[[121.07026672363293,12.29806041717535],[121.084999084473,12.280830383300895],[121.10278320312511,12.239720344543684],[121.10278320312511,12.202779769897575],[121.11472320556652,12.199999809265364],[121.13639068603516,12.160829544067383],[121.11945343017624,12.152779579162598],[121.1066665649414,12.166939735412654],[121.0872192382817,12.17249965667736],[121.08805847168003,12.189720153808537],[121.07917022705078,12.208060264587402],[121.03916931152355,12.223059654235783],[121.0327835083009,12.244449615478572],[121.03333282470703,12.265560150146484],[121.04332733154297,12.290280342102108],[121.07026672363293,12.29806041717535]]],[[[120.89217376709018,13.498900413513127],[120.88272094726562,13.422369956970329],[120.87629699707043,13.403100013733138],[120.8232192993164,13.318059921264592],[120.79723358154331,13.279450416564941],[120.85951232910168,13.254920005798454],[120.90506744384811,13.233469963073844],[120.98323822021484,13.192799568176326],[121.12341308593773,13.10597038269043],[121.15088653564453,13.092909812927303],[121.24150848388672,13.062760353088379],[121.24194335937511,12.940799713134766],[121.23941802978516,12.927570343017521],[121.244873046875,12.836370468139705],[121.24630737304699,12.772470474243164],[121.2461929321289,12.651149749755973],[121.24395751953148,12.62860965728754],[121.231483459473,12.399189949035701],[121.237586975098,12.264820098876953],[121.24240112304699,12.208990097045898],[121.22721862793014,12.227499961853027],[121.20971679687523,12.23861026763916],[121.16249847412166,12.244999885559082],[121.16593933105491,12.258250236511174],[121.13777923583996,12.255559921264705],[121.13083648681675,12.241109848022575],[121.11250305175781,12.246109962463606],[121.11276245117188,12.262700080871525],[121.09860992431663,12.285280227661246],[121.11277770996139,12.29666996002203],[121.12944793701206,12.287220001220987],[121.13471984863327,12.300829887390137],[121.11750030517601,12.320280075073356],[121.11860656738281,12.346110343933162],[121.08889007568382,12.362500190734863],[121.07527923584018,12.338060379028548],[121.03360748291016,12.366939544677791],[121.0166702270509,12.398610115051326],[121.00222015380893,12.415559768676871],[120.9740982055664,12.430830001831112],[120.94750213623047,12.482500076294059],[120.93370819091808,12.493659973144759],[120.92060089111328,12.52379035949707],[120.92272186279297,12.549639701843319],[120.93601989746139,12.56132030487072],[120.93872833251953,12.57874965667736],[120.92932128906261,12.611249923706055],[120.91851806640625,12.619449615478743],[120.90207672119186,12.655699729919434],[120.89009094238281,12.65950965881359],[120.86533355712925,12.688269615173283],[120.85933685302757,12.713049888610954],[120.83666992187534,12.727459907531852],[120.8030471801759,12.720279693603516],[120.79075622558628,12.732870101928654],[120.79190063476597,12.760259628296126],[120.78439331054756,12.821160316467342],[120.77204132080078,12.836070060730208],[120.78462982177734,12.884710311889592],[120.78021240234409,12.920000076294173],[120.7583312988287,13.009169578552473],[120.73607635498092,13.057600021362362],[120.72292327880905,13.067399978637695],[120.6997222900394,13.114439964294434],[120.68805694580101,13.12611007690441],[120.67700195312545,13.152400016784782],[120.65528106689487,13.176670074462834],[120.64861297607422,13.191940307617415],[120.60753631591808,13.200409889221305],[120.5969467163086,13.218330383300895],[120.57362365722702,13.221389770507756],[120.52500152587925,13.23388957977295],[120.52999877929688,13.248609542846793],[120.5235519409182,13.265979766845703],[120.50464630126987,13.26529979705822],[120.48211669921875,13.292679786682186],[120.48695373535156,13.318329811096191],[120.46637725830124,13.374349594116211],[120.4739990234375,13.39768028259283],[120.4637069702153,13.413599967956543],[120.43566131591797,13.426919937133789],[120.38834381103516,13.408060073852596],[120.39517211914097,13.386369705200252],[120.38897705078136,13.376740455627441],[120.36416625976574,13.383460044860954],[120.3452072143557,13.382109642028922],[120.31017303466842,13.419890403747672],[120.29926300048828,13.444470405578727],[120.30999755859386,13.454719543457031],[120.31308746337936,13.475569725036735],[120.34583282470749,13.505559921264648],[120.36408233642612,13.514960289001465],[120.41455841064499,13.531189918518066],[120.45403289794967,13.518529891967773],[120.4771118164067,13.504489898681754],[120.50975036621128,13.509670257568473],[120.52777862548828,13.503609657287654],[120.56172180175781,13.507789611816634],[120.63890838623047,13.487979888916016],[120.65319061279297,13.49263954162609],[120.72236633300793,13.479240417480582],[120.74678802490246,13.465889930725211],[120.7874374389653,13.468750000000114],[120.8411636352539,13.487090110778809],[120.86195373535156,13.487219810485954],[120.8747329711914,13.49777984619135],[120.89217376709018,13.498900413513127]]],[[[120.30708312988281,13.681810379028377],[120.33915710449264,13.676110267639274],[120.35500335693371,13.666390419006461],[120.37447357177746,13.664750099182129],[120.3808364868164,13.653889656067008],[120.41084289550781,13.654999732971191],[120.42333221435592,13.640830039978027],[120.41000366210938,13.626669883728141],[120.3452835083009,13.661939620971623],[120.32861328125023,13.662500381469783],[120.30708312988281,13.681810379028377]]],[[[120.29147338867233,13.835689544677734],[120.32472229003974,13.817500114441032],[120.33499908447277,13.797499656677473],[120.3119430541999,13.779170036315861],[120.29750061035168,13.779720306396769],[120.27443695068416,13.791939735412598],[120.27528381347668,13.804169654846191],[120.29147338867233,13.835689544677734]]],[[[120.09236145019543,13.864580154419059],[120.1227798461914,13.86056041717535],[120.15509033203125,13.843879699707088],[120.17305755615246,13.82555961608898],[120.19194793701183,13.826109886169661],[120.20805358886753,13.810279846191463],[120.22187805175793,13.821869850158691],[120.25277709960949,13.793060302734375],[120.26389312744175,13.776670455932674],[120.27610778808594,13.734439849853516],[120.25666809082031,13.733889579773177],[120.2502670288086,13.722499847412223],[120.26667022705078,13.70639038085966],[120.2863922119144,13.698329925537053],[120.26776885986351,13.670319557190169],[120.25554656982479,13.700280189514217],[120.23139190673874,13.712220191955566],[120.21527862548828,13.713060379028377],[120.20327758789074,13.733730316162166],[120.18639373779308,13.741109848022404],[120.17507171630882,13.736140251159668],[120.15704345703136,13.74534988403343],[120.15308380126953,13.759180068969727],[120.1286087036134,13.765279769897575],[120.10138702392612,13.783610343933105],[120.09076690673851,13.809929847717342],[120.09388732910168,13.836669921875114],[120.07749938964855,13.851389884948787],[120.09236145019543,13.864580154419059]]],[[[120.0356674194336,13.899279594421444],[120.04582977294933,13.89750003814703],[120.05889129638683,13.87471961975092],[120.04556274414085,13.866109848022518],[120.01777648925827,13.88749980926525],[120.0356674194336,13.899279594421444]]]]}},{"type":"Feature","id":58,"properties":{"areaId":"mindoro","name":"Mindoro","province":"Oriental Mindoro"},"geometry":{"type":"Polygon","coordinates":[[[121.24240112304699,12.208990097045898],[121.237586975098,12.264820098876953],[121.231483459473,12.399189949035701],[121.24395751953148,12.62860965728754],[121.2461929321289,12.651149749755973],[121.24630737304699,12.772470474243164],[121.244873046875,12.836370468139705],[121.23941802978516,12.927570343017521],[121.24194335937511,12.940799713134766],[121.24150848388672,13.062760353088379],[121.15088653564453,13.092909812927303],[121.12341308593773,13.10597038269043],[120.98323822021484,13.192799568176326],[120.90506744384811,13.233469963073844],[120.85951232910168,13.254920005798454],[120.79723358154331,13.279450416564941],[120.8232192993164,13.318059921264592],[120.87629699707043,13.403100013733138],[120.88272094726562,13.422369956970329],[120.89217376709018,13.498900413513127],[120.9068832397461,13.510680198669547],[120.94727325439499,13.510829925537053],[120.95665740966797,13.505829811096191],[120.96694183349643,13.52667045593273],[120.98027801513717,13.513059616088924],[120.95610809326183,13.494449615478516],[120.97444152832054,13.469440460205021],[120.98473358154331,13.47138977050787],[121.01788330078125,13.442720413208008],[121.03623199462925,13.418629646301326],[121.05831146240234,13.405059814453239],[121.09037017822266,13.415519714355753],[121.12027740478584,13.415510177612248],[121.14338684082031,13.408758163452376],[121.16004180908203,13.417377471923771],[121.17461395263683,13.414787292480582],[121.19358825683628,13.424387931823844],[121.22459411621116,13.407293319702262],[121.25169372558639,13.372980117797908],[121.30323028564453,13.346010208129883],[121.32967376708996,13.308580398559684],[121.35311889648449,13.288390159606934],[121.38069915771518,13.24777030944847],[121.40750122070324,13.238189697265568],[121.41999816894554,13.239170074462947],[121.44027709960983,13.224720001220817],[121.44972991943371,13.189900398254395],[121.43694305419922,13.166150093078727],[121.44333648681652,13.143890380859432],[121.47049713134766,13.135809898376692],[121.48771667480491,13.14622974395752],[121.50363159179699,13.14713001251215],[121.53515625,13.139780044555778],[121.55709075927734,13.10466003417963],[121.55702972412121,13.088899612426758],[121.5435562133789,13.07526969909668],[121.50698089599632,13.056280136108626],[121.48948669433639,13.028059959411678],[121.48665618896496,12.996109962463493],[121.49166870117188,12.98305988311779],[121.49861145019531,12.93667030334467],[121.48388671875034,12.907500267028865],[121.48583221435547,12.872779846191406],[121.4941635131836,12.853329658508358],[121.47923278808639,12.806750297546444],[121.48306274414097,12.79028034210205],[121.47611236572266,12.779170036315918],[121.48222351074219,12.758890151977653],[121.5255584716798,12.715279579162598],[121.53749847412132,12.69917011260992],[121.54888916015625,12.668889999389876],[121.54833221435547,12.64999961853033],[121.53314208984375,12.596590042114201],[121.51889038085949,12.581390380859602],[121.50694274902344,12.548330307006893],[121.46888732910202,12.526109695434627],[121.46305847167969,12.517499923706168],[121.44222259521507,12.521389961242676],[121.43499755859409,12.510000228881893],[121.44499969482422,12.476110458374137],[121.43195343017612,12.475000381469783],[121.40972137451172,12.443889617919922],[121.41638946533203,12.410559654235783],[121.41443634033203,12.392780303955078],[121.45276641845703,12.35999965667736],[121.44194793701172,12.354999542236499],[121.40825653076183,12.368040084838867],[121.38388824462925,12.361669540405387],[121.38722229003906,12.310830116272086],[121.40165710449219,12.295559883117676],[121.39499664306675,12.28582954406744],[121.36416625976608,12.305560111999455],[121.36200714111385,12.324910163879395],[121.34166717529342,12.321390151977539],[121.33309936523449,12.294870376586914],[121.2861022949221,12.288539886474666],[121.26786041259777,12.273690223693848],[121.2634735107423,12.242019653320312],[121.24973297119186,12.212499618530558],[121.24240112304699,12.208990097045898]]]}},{"type":"Feature","id":59,"properties":{"areaId":"palawan","name":"Palawan","province":"Palawan"},"geometry":{"type":"MultiPolygon","coordinates":[[[[117.07277679443382,8.075010299682617],[117.08027648925793,8.052920341491813],[117.07805633544922,8.003370285034293],[117.07971954345714,7.946939945221061],[117.08611297607456,7.933609962463436],[117.085281372071,7.901939868927002],[117.06944274902412,7.899169921875],[117.07917022705146,7.880829811096305],[117.0616683959961,7.842780113220272],[117.01805877685547,7.803060054779053],[116.9977798461914,7.808889865875472],[116.98832702636764,7.848889827728328],[116.96778106689499,7.894720077514648],[116.94277954101574,7.930560111999569],[116.96611022949219,7.950560092926025],[116.96221923828136,7.983610153198242],[116.95271301269577,8.002309799194336],[116.96305847167969,8.031109809875488],[116.97416687011741,8.020000457763672],[116.99555206298828,8.034580230712947],[117.0031967163086,8.054490089416731],[116.9966735839846,8.062780380249023],[117.03613281250057,8.067859649658374],[117.06588745117244,8.080260276794718],[117.07277679443382,8.075010299682617]]],[[[117.02954864501964,8.12992000579851],[117.05126953125045,8.117380142211857],[117.06210327148438,8.083439826965389],[117.01541137695358,8.071499824524096],[116.99221801757847,8.08825969696045],[116.99812316894565,8.110139846801701],[117.02954864501964,8.12992000579851]]],[[[117.140213012696,8.179770469665584],[117.18506622314453,8.177359580993766],[117.20099639892624,8.168530464172477],[117.2016067504884,8.151260375976676],[117.16805267334053,8.148630142212028],[117.14851379394531,8.151289939880371],[117.13336944580078,8.169759750366381],[117.140213012696,8.179770469665584]]],[[[117.08939361572266,8.247759819030989],[117.11730957031273,8.23910999298107],[117.12773132324219,8.220190048218],[117.1156997680664,8.212400436401424],[117.09250640869152,8.213399887085075],[117.08036804199219,8.222599983215332],[117.0798187255865,8.24485969543457],[117.08939361572266,8.247759819030989]]],[[[117.32259368896484,8.323940277099894],[117.34353637695381,8.30749988555931],[117.35205078125,8.290430068969727],[117.34256744384788,8.255689620971737],[117.34648895263672,8.212420463562012],[117.3341522216798,8.194239616394157],[117.2956695556644,8.179059982299918],[117.26885986328125,8.201749801635856],[117.26281738281261,8.215589523315657],[117.27079772949219,8.243929862976074],[117.26643371582043,8.285429954529036],[117.26983642578125,8.313170433044547],[117.2792205810548,8.322649955749682],[117.29547882080112,8.315529823303166],[117.31147766113304,8.33018970489502],[117.32259368896484,8.323940277099894]]],[[[117.23030853271541,8.31134033203125],[117.24794006347668,8.317049980163858],[117.26180267333984,8.305930137634391],[117.256103515625,8.288060188293514],[117.21941375732422,8.261940002441406],[117.21061706542969,8.265859603881779],[117.17582702636764,8.255570411682186],[117.17508697509777,8.284159660339355],[117.2228164672855,8.315369606018066],[117.23030853271541,8.31134033203125]]],[[[118.44001770019577,9.249059677124308],[118.4540481567384,9.235520362854231],[118.45791625976562,9.22140979766857],[118.44081115722668,9.209719657898063],[118.43244934082065,9.224650382995605],[118.44001770019577,9.249059677124308]]],[[[118.63276672363293,9.449179649353141],[118.62487030029308,9.434350013733024],[118.60952758789085,9.448699951171875],[118.62418365478527,9.460530281066951],[118.63276672363293,9.449179649353141]]],[[[119.16278076171909,10.587220191955566],[119.15117645263672,10.561429977416992],[119.13478088378918,10.55362987518322],[119.11939239501953,10.576530456542969],[119.16278076171909,10.587220191955566]]],[[[119.82888793945335,10.65056037902832],[119.85360717773483,10.635560035705623],[119.86138916015636,10.62417030334484],[119.88916778564476,10.617219924926758],[119.90740966796909,10.60062026977539],[119.93876647949219,10.607609748840389],[119.95731353759811,10.599149703979492],[119.98422241210949,10.599249839782942],[120.00158691406261,10.552499771118107],[119.97750091552734,10.55193996429449],[119.9857635498048,10.535750389099178],[119.9594116210942,10.517729759216309],[119.93762969970703,10.520090103149414],[119.91084289550815,10.516110420227164],[119.91134643554733,10.4962997436524],[119.92082977294945,10.48528003692627],[119.88778686523438,10.479669570922852],[119.87330627441418,10.46094989776617],[119.8535614013673,10.458620071411246],[119.81519317626953,10.442549705505314],[119.79760742187523,10.451009750366268],[119.7728271484375,10.450289726257267],[119.76236724853516,10.463959693908635],[119.76856231689453,10.474849700927791],[119.76344299316418,10.513739585876465],[119.74582672119163,10.556420326233194],[119.7634582519537,10.56509971618658],[119.78491210937511,10.557060241699219],[119.80750274658214,10.590559959411564],[119.82231140136741,10.597660064697493],[119.83345031738315,10.614069938659782],[119.82888793945335,10.65056037902832]]],[[[121.07093811035213,10.907919883728141],[121.07833099365268,10.89000034332281],[121.07639312744163,10.84722042083746],[121.05944824218784,10.84027957916254],[121.06555175781284,10.817779541015796],[121.05610656738281,10.804439544677791],[121.03960418701206,10.79771900177002],[121.0152816772461,10.802908897399902],[120.99852752685592,10.830062866211165],[121.00904083251964,10.857396125793457],[121.05304718017578,10.883330345153922],[121.05139160156261,10.904170036315975],[121.07093811035213,10.907919883728141]]],[[[120.95249938964878,10.998889923095703],[120.96527862548862,10.984439849853572],[120.94555664062545,10.973609924316406],[120.93750000000045,10.985830307006893],[120.95249938964878,10.998889923095703]]],[[[119.29180145263672,11.022919654846419],[119.30005645751964,10.999629974365178],[119.28952026367188,10.977470397949219],[119.30081939697277,10.958490371704158],[119.29638671875,10.94832992553728],[119.27084350585938,10.959309577942122],[119.26244354248047,10.982339859008846],[119.27388763427734,10.99777984619152],[119.27306365966808,11.014169692993391],[119.29180145263672,11.022919654846419]]],[[[119.70777893066429,11.058059692382926],[119.71264648437568,11.03277969360363],[119.69814300537132,11.03157997131359],[119.69841003418026,11.052829742431584],[119.70777893066429,11.058059692382926]]],[[[119.58416748046932,11.100279808044434],[119.62389373779297,11.079999923706055],[119.61723327636764,11.06443977355974],[119.62860870361385,11.043609619140796],[119.62548828125068,11.023759841919059],[119.61083221435547,11.005559921264762],[119.59722137451183,11.011670112609806],[119.59555816650425,11.033060073852766],[119.56083679199253,11.043609619140796],[119.5602798461914,11.063610076904354],[119.58416748046932,11.100279808044434]]],[[[119.68723297119186,11.12444019317627],[119.69815063476631,11.10241985321062],[119.67328643798828,11.103949546814022],[119.66944122314476,11.12388992309593],[119.68723297119186,11.12444019317627]]],[[[120.98136138916061,11.174090385437125],[120.98780822753906,11.154879570007324],[120.96600341796875,11.133660316467285],[120.95275115966842,11.131990432739258],[120.93842315673828,11.143309593200627],[120.94780731201183,11.160229682922477],[120.9622573852539,11.161780357360954],[120.98136138916061,11.174090385437125]]],[[[119.60502624511764,11.192979812622013],[119.62473297119175,11.190279960632608],[119.63114166259766,11.17516040802002],[119.62583160400402,11.163060188293741],[119.59583282470703,11.144169807434366],[119.58011627197266,11.146019935608024],[119.56253051757835,11.137809753417912],[119.55505371093795,11.152170181274357],[119.5558319091798,11.17306041717552],[119.58159637451183,11.179209709167537],[119.60502624511764,11.192979812622013]]],[[[119.27564239501964,11.21261024475109],[119.29263305664074,11.179920196533203],[119.28325653076217,11.163960456848201],[119.27564239501964,11.21261024475109]]],[[[119.35131072998047,11.244779586792163],[119.36060333251953,11.218560218811035],[119.37750244140636,11.22367000579834],[119.37087249755893,11.199319839477539],[119.34377288818428,11.208559989929427],[119.34159851074219,11.220560073852596],[119.35131072998047,11.244779586792163]]],[[[120.93026733398449,11.230600357055664],[120.92360687255871,11.241390228271712],[120.93305206298851,11.258330345153752],[120.94444274902344,11.2426500320434],[120.93026733398449,11.230600357055664]]],[[[119.69454956054722,11.321629524231128],[119.6895904541019,11.294340133667106],[119.66593933105503,11.268719673157022],[119.65611267089844,11.299440383911133],[119.69454956054722,11.321629524231128]]],[[[120.08654785156261,11.392169952392749],[120.11392974853527,11.378000259399357],[120.11058807373104,11.366290092468489],[120.09114074707088,11.365679740905762],[120.08654785156261,11.392169952392749]]],[[[119.47833251953125,11.424189567566088],[119.48780059814453,11.421569824219034],[119.50888061523438,11.400279998779354],[119.50531768798896,11.38064002990734],[119.51000213623047,11.365169525146712],[119.51058959960938,11.332220077514876],[119.53749847412155,11.321940422058049],[119.55544281005871,11.328780174255371],[119.56823730468761,11.292260169982967],[119.55493927001953,11.218930244445858],[119.54028320312511,11.19666957855236],[119.53825378417969,11.174590110778752],[119.50090789794933,11.131779670715446],[119.51590728759766,11.095669746399153],[119.5239486694336,11.094079971313533],[119.53916931152366,11.068889617919922],[119.55790710449264,11.052840232849178],[119.5661773681644,11.025340080261174],[119.56804656982433,11.000829696655444],[119.54611206054699,11.000559806823674],[119.53736114502021,11.013330459594897],[119.51979064941418,11.016460418701172],[119.5036773681644,11.00903034210205],[119.49346923828136,10.990909576416016],[119.489013671875,10.9589004516601],[119.49880218505871,10.925259590148869],[119.4922866821289,10.911419868469466],[119.4925765991211,10.887530326843489],[119.48374938964855,10.879759788513184],[119.50639343261719,10.860969543457259],[119.50943756103516,10.835619926452637],[119.53069305419967,10.82147026062023],[119.57536315917969,10.83806037902832],[119.58651733398483,10.836489677429313],[119.59944152832054,10.812780380249023],[119.58305358886719,10.773739814758358],[119.59583282470703,10.765560150146598],[119.58860778808594,10.743060111999455],[119.60083007812545,10.730830192566032],[119.5862503051759,10.688079833984546],[119.57061004638683,10.664259910583496],[119.59333038330101,10.662079811096248],[119.62695312500045,10.672430038452148],[119.62944793701183,10.68832969665533],[119.65087890625,10.674889564514274],[119.65499877929733,10.66193962097168],[119.62748718261719,10.653670310974235],[119.63999938964878,10.634440422058333],[119.64063262939476,10.608070373535213],[119.65284729003929,10.60192012786888],[119.6610107421875,10.566169738769474],[119.68694305419922,10.541110038757324],[119.70825195312523,10.531700134277344],[119.71888732910202,10.517780303955192],[119.70329284667991,10.495550155639592],[119.67418670654331,10.489800453186092],[119.65406036376964,10.463020324707031],[119.63305664062545,10.442779541015568],[119.5888900756836,10.419170379638786],[119.57666778564487,10.40167045593273],[119.56999969482456,10.3725004196167],[119.54322814941452,10.37100982666027],[119.510536193848,10.360899925232047],[119.48259735107433,10.372759819030989],[119.46224212646484,10.375610351562614],[119.44307708740234,10.368570327758903],[119.42767333984386,10.351829528808594],[119.37322998046898,10.345709800720215],[119.354736328125,10.326649665832747],[119.31935882568405,10.304889678955135],[119.28912353515625,10.27367973327648],[119.2856216430664,10.255229949951172],[119.26812744140648,10.240839958191032],[119.24807739257824,10.211020469665527],[119.2457427978519,10.181810379028548],[119.23055267334007,10.173330307006893],[119.22725677490234,10.11839962005621],[119.21946716308605,10.10381031036377],[119.21820831298874,10.077549934387434],[119.19555664062523,10.046939849853516],[119.1473388671875,10.025979995727766],[119.12222290039085,10.025279998779354],[119.07785797119152,10.018110275268668],[119.0718765258789,10.012280464172363],[119.03045654296909,10.004119873046875],[119.0165023803711,9.99518966674816],[118.99955749511753,9.995710372924805],[118.98388671875,9.986390113830566],[118.95237731933639,9.984029769897461],[118.93903350830124,9.977800369262638],[118.89971923828136,9.97472000122093],[118.88194274902389,9.981109619140852],[118.86165618896518,9.975830078125114],[118.84278106689487,9.9628200531007],[118.82189178466808,9.938480377197493],[118.80254364013695,9.934820175170898],[118.79147338867244,9.944330215454158],[118.76944732666027,9.928330421448038],[118.751953125,9.922220230102766],[118.74166870117188,9.89805984497076],[118.74741363525447,9.882479667663745],[118.74166870117188,9.840829849243278],[118.77027893066406,9.807780265808162],[118.77361297607467,9.772500038147086],[118.76777648925781,9.721670150756893],[118.73139190673862,9.731670379638672],[118.73805236816418,9.754719734191838],[118.725830078125,9.766670227050781],[118.69833374023472,9.77667045593256],[118.69333648681652,9.748330116271916],[118.70333099365234,9.708060264587402],[118.73473358154308,9.699170112609977],[118.73166656494152,9.68389034271246],[118.76167297363281,9.6875],[118.76083374023483,9.666669845581055],[118.74166870117188,9.661390304565657],[118.73139190673862,9.636940002441406],[118.70417022705078,9.61139011383051],[118.6947174072269,9.584719657897892],[118.67415618896496,9.56138992309593],[118.65833282470737,9.557220458984375],[118.63889312744163,9.506389617919922],[118.6219482421875,9.504170417785872],[118.60278320312534,9.462499618530387],[118.59139251709041,9.459719657898006],[118.57026672363281,9.43667030334484],[118.56694793701172,9.422780036926326],[118.54077911376999,9.393879890441895],[118.53500366210983,9.373060226440543],[118.5163726806644,9.331100463867244],[118.49944305419933,9.32110977172863],[118.4858322143557,9.298890113830623],[118.46090698242188,9.29907035827631],[118.44480133056652,9.278710365295524],[118.43060302734409,9.27880001068138],[118.41867065429699,9.256380081176815],[118.42063140869175,9.244520187377873],[118.39595031738327,9.242320060730094],[118.38027954101562,9.217780113220272],[118.36250305175838,9.209170341491642],[118.36028289794967,9.195560455322493],[118.34416961669922,9.177780151367301],[118.32805633544967,9.174169540405273],[118.30724334716797,9.18268966674799],[118.2682266235355,9.176309585571403],[118.22271728515648,9.15756988525402],[118.2161102294923,9.168609619140739],[118.15191650390625,9.144169807434025],[118.1276397705085,9.146880149841422],[118.10398864746162,9.095589637756632],[118.102783203125,9.051939964294434],[118.08952331542969,9.052740097045955],[118.07382202148449,9.041250228881836],[118.08583068847668,9.030830383300781],[118.0791702270509,9.012220382690373],[118.0665283203125,9.000969886779842],[118.04225921630893,8.94816970825201],[118.02564239501953,8.935990333557072],[118.02451324462902,8.921489715576229],[118.00316619873081,8.880100250244197],[117.98300933837936,8.878290176391602],[117.94982147216842,8.864930152893123],[117.92761993408214,8.843429565429801],[117.91352844238304,8.846050262451172],[117.86949920654297,8.81245040893566],[117.86341094970703,8.799130439758244],[117.83960723876964,8.770130157470646],[117.82097625732422,8.774479866027946],[117.80753326416061,8.766539573669547],[117.77883911132812,8.713959693908805],[117.75956726074219,8.704700469970646],[117.74182891845703,8.687150001525879],[117.68608856201217,8.68212985992426],[117.67501068115246,8.669779777526799],[117.6438827514653,8.665010452270508],[117.622802734375,8.657259941101131],[117.58824157714889,8.672329902648926],[117.56784820556675,8.675080299377441],[117.53562164306675,8.640339851379451],[117.53234100341808,8.626680374145508],[117.54717254638672,8.595840454101676],[117.53868103027344,8.566169738769531],[117.5136108398442,8.532549858093489],[117.50050354003952,8.50039005279541],[117.48777770996094,8.49368953704834],[117.47897338867222,8.507570266723746],[117.4636001586914,8.50866985321045],[117.43919372558594,8.500220298767317],[117.41433715820312,8.499079704284668],[117.39842987060558,8.48845005035406],[117.37329101562568,8.490119934082088],[117.36544036865246,8.474269866943473],[117.35370635986362,8.470709800720329],[117.29035949707031,8.425990104675407],[117.2795333862307,8.408720016479435],[117.26132965087936,8.405799865722713],[117.24463653564453,8.376370429992733],[117.22070312500045,8.356820106506404],[117.21193695068393,8.338230133056697],[117.18740081787132,8.330430030822754],[117.17430114746139,8.340399742126522],[117.1778793334961,8.369310379028434],[117.19541168212913,8.408579826355037],[117.21470642089844,8.430700302124023],[117.21806335449219,8.466830253601017],[117.21356964111328,8.500800132751522],[117.21782684326195,8.522170066833553],[117.24031066894543,8.540360450744743],[117.23504638671875,8.548629760742188],[117.24424743652366,8.567720413208008],[117.25923156738327,8.573049545288313],[117.26661682128952,8.598970413208121],[117.27652740478561,8.606539726257381],[117.27538299560592,8.6252698898316],[117.2954711914067,8.656709671020565],[117.32611083984375,8.67393016815197],[117.3322906494144,8.694259643554972],[117.34456634521507,8.71086978912382],[117.34529113769531,8.724140167236442],[117.377197265625,8.750539779663256],[117.38847351074219,8.748709678649902],[117.42027282714878,8.757120132446289],[117.42581939697288,8.771380424499625],[117.41861724853516,8.785360336303768],[117.43367004394531,8.80274963378929],[117.45062255859398,8.811420440674055],[117.46468353271484,8.83798027038597],[117.46784973144543,8.855870246887264],[117.48397064208996,8.860400199890194],[117.49875640869152,8.893380165100154],[117.54061126708984,8.932390213012638],[117.54840087890659,8.957269668579158],[117.58373260498081,8.961910247802962],[117.59593963623081,8.98246002197277],[117.62167358398438,9.000000000000114],[117.6223602294923,9.01463985443121],[117.63722229003918,9.047570228576603],[117.66443634033226,9.074720382690543],[117.6750717163086,9.069930076599178],[117.70041656494175,9.07861042022705],[117.70971679687511,9.060560226440487],[117.73800659179688,9.064129829406738],[117.75055694580124,9.073060035705623],[117.75861358642578,9.09582996368431],[117.75360870361374,9.109169960021916],[117.76693725585949,9.13500022888195],[117.77749633789062,9.137399673462028],[117.7750015258789,9.162779808044434],[117.78778076171875,9.176110267639274],[117.80473327636787,9.181670188903809],[117.84632110595737,9.206600189209041],[117.8642272949221,9.213749885559366],[117.883056640625,9.244170188903752],[117.90666961669945,9.26138973236084],[117.92305755615291,9.261670112609806],[117.93728637695381,9.250909805297795],[117.96778106689464,9.27332973480236],[117.98583221435547,9.272500038146973],[117.97812652587925,9.25193977355957],[117.99054718017578,9.239649772644157],[118.01358032226631,9.242280006408805],[118.03279113769577,9.275790214538574],[118.04741668701206,9.277709960937614],[118.0517807006836,9.300200462341422],[118.06474304199219,9.298060417175236],[118.08596801757812,9.315899848937988],[118.08757781982445,9.333919525146598],[118.10697174072266,9.329230308532658],[118.12555694580112,9.35389041900629],[118.11583709716831,9.37444019317627],[118.12832641601562,9.398329734802246],[118.1455078125,9.396030426025618],[118.18515014648438,9.410510063171444],[118.18892669677746,9.438570022583121],[118.21444702148472,9.488059997558821],[118.24395751953136,9.508009910583496],[118.27204132080112,9.52229022979742],[118.28604888916016,9.537929534912337],[118.28401184082043,9.549110412597713],[118.31005859375034,9.573530197143668],[118.32791900634811,9.580619812011832],[118.34098815917969,9.614580154419002],[118.33084106445347,9.630399703979492],[118.3461074829105,9.651670455932674],[118.3586120605471,9.655830383300781],[118.37389373779331,9.645279884338493],[118.39167022705078,9.662779808044547],[118.40988922119152,9.667229652404899],[118.4086074829105,9.68610954284668],[118.44998931884811,9.728219985961971],[118.475830078125,9.732780456543026],[118.50250244140659,9.759440422058049],[118.5099334716798,9.759490013122672],[118.53997039794933,9.805390357971191],[118.56429290771496,9.826990127563477],[118.56722259521484,9.843469619751033],[118.60384368896484,9.868519783020076],[118.61440277099678,9.888799667358512],[118.60501861572277,9.906550407409668],[118.60910034179688,9.916390419006518],[118.64607238769565,9.936610221862907],[118.64662933349678,9.964139938354606],[118.65689849853527,9.967200279236124],[118.65010070800781,9.99956035614025],[118.6777801513673,10.010279655456713],[118.70639038085949,10.039170265197868],[118.72194671630871,10.03555965423584],[118.72528076171932,10.059439659118652],[118.7472229003912,10.093059539794865],[118.74645996093807,10.107560157776106],[118.77166748046875,10.117779731750545],[118.77443695068393,10.07555961608881],[118.77111053466797,10.042499542236442],[118.77471923828125,10.024720191955737],[118.7941665649414,10.023059844970646],[118.80917358398438,10.031109809875488],[118.80666351318405,10.055279731750602],[118.8233337402346,10.094169616699219],[118.8108367919923,10.11083030700695],[118.8122329711914,10.16361045837408],[118.80477142334018,10.1728897094726],[118.80642700195324,10.193039894104231],[118.81944274902389,10.197779655456543],[118.83165740966831,10.18667030334467],[118.84471893310547,10.190560340881575],[118.86195373535168,10.209719657898063],[118.88555908203125,10.20666980743431],[118.89305877685592,10.19721984863287],[118.92804718017601,10.200830459594727],[118.94027709960938,10.210559844970646],[118.9497222900394,10.23832988739025],[118.94944763183594,10.257499694824276],[118.95944213867233,10.283060073852596],[118.97222137451217,10.289440155029354],[118.97693634033249,10.306389808654899],[118.99250030517612,10.302499771118164],[118.99722290039097,10.32277965545677],[119.01532745361396,10.354109764099121],[118.97860717773438,10.349439620971793],[118.96555328369175,10.369999885559196],[118.98278045654354,10.376790046692122],[119.00322723388672,10.403100013733024],[119.0283432006836,10.412220001220703],[119.0351486206057,10.399029731750431],[119.05444335937534,10.386670112609863],[119.07221221923828,10.396699905395508],[119.07546234130871,10.410980224609375],[119.09597778320324,10.420089721679858],[119.10250091552768,10.437219619751033],[119.08704376220771,10.444939613342285],[119.0824966430664,10.480560302734546],[119.09722137451229,10.485560417175236],[119.11305236816463,10.473059654235954],[119.10669708251987,10.458510398864803],[119.11813354492256,10.445349693298397],[119.11279296875068,10.420089721679858],[119.12679290771507,10.38385009765642],[119.1653137207037,10.41353988647461],[119.177490234375,10.413619995117188],[119.19226837158249,10.453100204468],[119.2155380249028,10.466469764709473],[119.22823333740234,10.486430168152083],[119.25620269775402,10.48427963256836],[119.26857757568371,10.507220268249739],[119.251953125,10.531649589538631],[119.29638671875,10.560830116272086],[119.31858825683639,10.59107971191429],[119.32444763183639,10.608059883117619],[119.31861114501987,10.618889808654785],[119.32964324951195,10.6505002975465],[119.32624816894531,10.664529800415096],[119.33889007568382,10.690830230712834],[119.34333038330124,10.73556041717535],[119.32306671142601,10.746990203857479],[119.31778717041027,10.769140243530273],[119.30217742919945,10.775170326232967],[119.27549743652378,10.764490127563533],[119.26531219482422,10.785599708557129],[119.25321197509766,10.837470054626522],[119.24105072021507,10.832559585571289],[119.21102905273472,10.846830368042049],[119.21131896972656,10.860759735107365],[119.23549652099666,10.854169845581055],[119.24880218505893,10.903849601745549],[119.21806335449241,10.909720420837402],[119.2313919067384,10.932220458984546],[119.22055816650459,10.944720268249512],[119.23860931396484,10.952779769897461],[119.2505569458009,10.932499885559025],[119.26611328125011,10.947779655456543],[119.28555297851574,10.911939620971623],[119.27749633789062,10.902219772339038],[119.27208709716797,10.86520004272461],[119.29360961914131,10.867500305175895],[119.28284454345703,10.847805023193303],[119.31163024902344,10.829719543457315],[119.35722351074219,10.820830345153809],[119.35896301269531,10.805549621581974],[119.40000152587902,10.781109809875488],[119.4155578613287,10.7638902664184],[119.42713165283237,10.741550445556584],[119.43068695068405,10.720840454101676],[119.46144104003929,10.724120140075684],[119.45111083984386,10.760000228881893],[119.44222259521484,10.77721977233898],[119.43879699707031,10.839559555053938],[119.4134292602539,10.87133979797369],[119.3912734985355,10.87059020996088],[119.3799972534182,10.859999656677303],[119.34944152832077,10.877499580383358],[119.341796875,10.910280227661246],[119.361190795899,10.936260223388786],[119.34664916992222,10.947529792785929],[119.3297195434576,10.938890457153434],[119.30860900878906,10.96333026885992],[119.30757141113281,11.008890151977653],[119.31656646728572,11.027480125427303],[119.32805633544922,11.028059959411905],[119.33879852294945,10.995470046997127],[119.3630523681644,11.006110191345272],[119.34333038330124,11.029170036315861],[119.32795715332065,11.03936958312994],[119.32714843750011,11.089099884033374],[119.3479995727539,11.084099769592285],[119.37322235107445,11.043169975280989],[119.39460754394531,11.034640312195108],[119.41578674316406,11.036669731140137],[119.41531372070347,11.077280044555891],[119.42333221435547,11.111650466919002],[119.42330932617233,11.145250320434684],[119.39250183105469,11.143329620361555],[119.3975830078125,11.155610084533691],[119.37576293945358,11.174309730529785],[119.41332244873047,11.206210136413574],[119.42208099365234,11.237640380859602],[119.41484069824219,11.249959945678711],[119.41999816894531,11.277500152588004],[119.41665649414062,11.310279846191406],[119.4285125732423,11.322859764099121],[119.43271636962947,11.342169761657942],[119.45094299316418,11.343009948730582],[119.47331237792969,11.363490104675407],[119.4769515991211,11.376930236816463],[119.46861267089844,11.401670455932674],[119.47833251953125,11.424189567566088]]],[[[120.83368682861351,11.448040008544865],[120.84996032714855,11.429750442504883],[120.83470916748058,11.41753959655773],[120.8224182128912,11.445989608764592],[120.83368682861351,11.448040008544865]]],[[[120.18734741210949,11.463029861450309],[120.17468261718807,11.437820434570426],[120.16471862792969,11.444720268249796],[120.18734741210949,11.463029861450309]]],[[[119.8147201538086,11.519720077514876],[119.82776641845703,11.510000228881893],[119.8447189331057,11.516670227050781],[119.86888885498047,11.505829811096191],[119.8696517944336,11.478659629821777],[119.86250305175781,11.46389007568365],[119.86972045898438,11.453060150146484],[119.85360717773506,11.416669845581055],[119.82971954345714,11.388890266418741],[119.81107330322334,11.37812995910673],[119.80666351318371,11.416390419006575],[119.78584289550827,11.425279617309684],[119.76184844970726,11.414199829101733],[119.75318145751953,11.42350006103527],[119.7284393310548,11.432250022888297],[119.72556304931686,11.449999809265364],[119.71443939209041,11.466099739074934],[119.7388916015625,11.466670036316032],[119.75460815429756,11.454369544983138],[119.7677764892585,11.480279922485352],[119.79055786132835,11.479720115661905],[119.79165649414062,11.460829734802303],[119.80110931396496,11.452219963073674],[119.82977294921909,11.456139564514274],[119.8397216796875,11.497779846191406],[119.81458282470726,11.508509635925293],[119.8147201538086,11.519720077514876]]],[[[120.14026641845726,11.778889656066951],[120.15072631835949,11.766989707946891],[120.18433380127021,11.755240440368652],[120.16909027099643,11.7423095703125],[120.1441421508789,11.754670143127385],[120.14026641845726,11.778889656066951]]],[[[120.08080291748047,11.844779968261946],[120.10006713867188,11.845999717712573],[120.0970535278326,11.826279640197981],[120.11499786376976,11.828330039978255],[120.11472320556709,11.810279846191463],[120.0831909179692,11.82641983032238],[120.08080291748047,11.844779968261946]]],[[[119.9936065673835,11.970560073852823],[120.01167297363327,11.947779655456543],[119.98278045654297,11.946390151977482],[119.98191833496139,11.96199989318859],[119.9936065673835,11.970560073852823]]],[[[119.90611267089855,11.976110458374023],[119.91916656494186,11.960280418395996],[119.9421691894537,11.950030326843205],[119.94444274902344,11.931209564208984],[119.97927856445324,11.920310020446834],[119.99861145019531,11.934439659118937],[120.01168060302746,11.934069633483887],[120.02996063232422,11.916210174560774],[119.98837280273438,11.902520179748535],[120.02010345459007,11.894900321960392],[120.01989746093761,11.884810447693098],[120.05531311035156,11.873519897460938],[120.0616226196289,11.8512601852417],[120.03543090820324,11.856209754943848],[120.03469848632835,11.813679695129508],[120.06111145019554,11.80222034454357],[120.06619262695312,11.788960456848145],[120.05110168457054,11.774470329284895],[120.05526733398449,11.740830421447981],[120.01914215087902,11.696920394897518],[120.00541687011741,11.691089630126953],[120.00222778320312,11.676750183105526],[119.97416687011753,11.678330421448038],[119.95194244384766,11.674169540405273],[119.94033813476608,11.681659698486442],[119.93888854980469,11.731670379638615],[119.96415710449219,11.74917030334467],[119.97295379638717,11.766119956970215],[119.99722290039131,11.775279998779354],[119.98388671875034,11.79889011383068],[119.97222137451183,11.790559768676701],[119.9630584716798,11.765000343322754],[119.9311218261721,11.76000976562517],[119.91887664794922,11.785220146179313],[119.90638732910202,11.793330192566145],[119.90067291259777,11.838049888611067],[119.91417694091797,11.843270301819075],[119.89356231689453,11.861510276794661],[119.89134216308605,11.876299858093489],[119.87819671630882,11.879599571228027],[119.86921691894543,11.895600318908805],[119.87014770507858,11.929380416870117],[119.87979125976574,11.927189826965275],[119.89367675781284,11.944560050964355],[119.87061309814453,11.962220191955566],[119.8788070678711,11.9754896163941],[119.90611267089855,11.976110458374023]]],[[[119.94484710693416,11.981180191040266],[119.96637725830078,11.971039772033919],[119.95321655273438,11.955329895019531],[119.94167327880905,11.955349922180233],[119.94484710693416,11.981180191040266]]],[[[119.87306976318393,11.982580184936523],[119.84750366211006,11.967499732971305],[119.84722137451172,11.981940269470329],[119.87306976318393,11.982580184936523]]],[[[120.248611450196,11.984169960021973],[120.27237701416016,11.969180107116927],[120.27583312988327,11.933609962463379],[120.26555633544933,11.914719581604174],[120.28835296630916,11.906649589538802],[120.29386901855469,11.884420394897518],[120.2589263916019,11.881460189819506],[120.26127624511776,11.87078952789318],[120.29202270507812,11.870860099792594],[120.2873764038086,11.846599578857479],[120.25321960449219,11.850390434265194],[120.23665618896496,11.846389770507756],[120.23306274414085,11.874170303344954],[120.20449829101608,11.926380157470817],[120.19471740722679,11.93305969238304],[120.21221923828125,11.954719543456974],[120.24527740478516,11.97638988494873],[120.248611450196,11.984169960021973]]],[[[120.13500213623104,11.992500305175724],[120.1657485961914,11.982729911804427],[120.18045043945312,11.991970062256144],[120.1963882446289,11.979169845581282],[120.18660736083996,11.969180107116927],[120.16876220703182,11.979559898376465],[120.13876342773472,11.970049858093205],[120.13500213623104,11.992500305175724]]],[[[120.08190917968818,11.963680267334212],[120.06591033935581,11.963310241699162],[120.06227874755893,11.984910011291674],[120.07100677490246,11.990079879760799],[120.08190917968818,11.963680267334212]]],[[[119.90706634521496,12.144040107727164],[119.88657379150402,12.13385009765642],[119.87460327148472,12.142390251159895],[119.89544677734432,12.17035961151123],[119.90706634521496,12.144040107727164]]],[[[119.89697265625034,12.327799797058162],[119.9263916015625,12.318059921264648],[119.92333221435547,12.29833030700712],[119.93945312500034,12.282219886779899],[119.94721984863293,12.265279769897688],[119.97334289550793,12.271109580993766],[119.98444366455146,12.259440422058105],[120.00798797607445,12.25662994384777],[120.02027893066418,12.240559577941838],[120.04186248779365,12.23482990264904],[120.06257629394531,12.190930366516397],[120.07451629638672,12.190469741821573],[120.08753204345726,12.203390121459904],[120.09468078613304,12.173100471496582],[120.12243652343773,12.159139633178654],[120.16842651367188,12.12007045745844],[120.18041992187523,12.133480072021541],[120.21083068847668,12.131139755249023],[120.21498870849655,12.144800186157227],[120.20610046386753,12.162039756774846],[120.22354125976562,12.198519706726188],[120.24276733398494,12.197779655456657],[120.2388305664067,12.179699897766227],[120.25296020507824,12.141619682312069],[120.31703186035202,12.091810226440373],[120.33236694335972,12.087380409240723],[120.34139251709007,12.057220458984375],[120.32721710205112,12.0441703796389],[120.32502746582031,12.030599594116154],[120.33854675292969,12.01721000671398],[120.32765960693382,11.996009826660384],[120.30917358398438,11.996850013733194],[120.29148101806686,11.983130455017033],[120.26941680908237,11.999580383300781],[120.25183105468761,12.006039619445858],[120.22740173339855,11.989640235900993],[120.17749786376953,12.008330345153809],[120.17555236816429,12.025279998779524],[120.15721893310558,12.021109580993652],[120.12610626220749,12.028889656066895],[120.1241683959961,12.017780303955249],[120.13749694824241,12.00333023071289],[120.09874725341797,11.960630416870117],[120.08009338378929,11.98727035522478],[120.07933044433616,12.001359939575195],[120.06141662597656,12.014120101928768],[120.04206085205112,11.991450309753418],[120.01838684082054,11.990119934082259],[120.01029968261719,12.003430366516397],[119.97888946533214,12.008609771728459],[119.98944091796875,12.02332973480236],[119.97028350830124,12.028059959411678],[119.96839904785168,12.064229965209961],[119.95166778564453,12.057499885559082],[119.93000030517578,12.09556007385271],[119.93110656738338,12.136389732361067],[119.91420745849655,12.157250404357967],[119.89971923828136,12.16388988494873],[119.90528106689476,12.180279731750602],[119.89749908447266,12.199999809265364],[119.86528015136719,12.20888996124279],[119.875,12.222780227661303],[119.85722351074287,12.241939544677734],[119.8701171875,12.25465011596674],[119.8675003051759,12.303330421447981],[119.88028717041027,12.327839851379622],[119.89697265625034,12.327799797058162]]]]}},{"type":"Feature","id":65,"properties":{"areaId":"romblon","name":"Romblon","province":"Romblon"},"geometry":{"type":"MultiPolygon","coordinates":[[[[121.93639373779308,12.097220420837402],[121.951942443848,12.090559959411621],[121.96166992187557,12.065830230712834],[121.96250152587936,12.036109924316463],[121.94499969482445,12.033329963684139],[121.91999816894543,12.046110153198242],[121.91055297851597,12.0625],[121.91665649414097,12.085280418396053],[121.93639373779308,12.097220420837402]]],[[[122.5469436645509,12.505559921264648],[122.55638885498081,12.498330116272086],[122.58999633789062,12.492500305175838],[122.63555908203148,12.492219924926871],[122.6383438110355,12.483059883117676],[122.66999816894577,12.462779998779297],[122.69917297363327,12.401670455932845],[122.685546875,12.378890037536564],[122.69110870361374,12.367500305175781],[122.6865234375,12.340829849243107],[122.66999816894577,12.3100004196167],[122.63445281982422,12.283889770508097],[122.62239074707054,12.2825098037722],[122.59722137451195,12.304169654846135],[122.58055877685581,12.302780151367301],[122.56246948242188,12.312490463256779],[122.55281066894531,12.347620010376033],[122.52722167968773,12.371109962463493],[122.50694274902344,12.375280380249023],[122.4496078491211,12.397359848022575],[122.43299865722679,12.4142103195191],[122.42375946044967,12.436459541320744],[122.42813110351585,12.455260276794434],[122.49400329589855,12.498740196228027],[122.51589965820347,12.49448013305664],[122.5469436645509,12.505559921264648]]],[[[122.28472137451206,12.625320434570426],[122.29556274414074,12.617219924926758],[122.29638671875,12.583519935608138],[122.31166839599643,12.569999694824332],[122.30917358398438,12.556110382080135],[122.3227767944336,12.548609733581543],[122.32888793945312,12.509719848632926],[122.31999969482467,12.489720344543457],[122.30249786376953,12.478059768676985],[122.2717971801759,12.4895401000976],[122.25833129882858,12.52721977233898],[122.26183319091831,12.543889999389648],[122.24722290039085,12.569439888000488],[122.27166748046875,12.583330154419002],[122.26863098144577,12.604769706726188],[122.28472137451206,12.625320434570426]]],[[[122.11611175537143,12.674440383911303],[122.12909698486328,12.663590431213379],[122.15422821044933,12.658720016479492],[122.16262817382835,12.631660461425952],[122.12222290039097,12.618330001831112],[122.13416290283249,12.605230331421012],[122.1397171020509,12.581390380859602],[122.13249969482467,12.5625],[122.13999938964855,12.53806018829357],[122.12361145019565,12.528059959411564],[122.11250305175781,12.498330116272086],[122.10661315917969,12.461139678955305],[122.10722351074241,12.42416954040533],[122.10221862792969,12.397219657898177],[122.09539794921898,12.39126968383789],[122.09834289550793,12.356109619140682],[122.05889129638706,12.264719963073844],[122.04416656494152,12.218330383300724],[122.04505157470703,12.190369606018066],[122.02278137207077,12.130000114441145],[122.02278137207077,12.104720115661848],[122.01361083984375,12.09916973114025],[122.00414276123092,12.123080253601074],[121.96888732910156,12.154999732971305],[121.95889282226574,12.188329696655217],[121.96639251709018,12.209719657898177],[121.98972320556663,12.189720153808537],[121.99804687500034,12.214719772338867],[122.01600646972656,12.223090171813965],[122.01775360107456,12.23474979400629],[121.99527740478516,12.256110191345215],[121.96333312988315,12.26167011260992],[121.93775939941474,12.298640251159952],[121.92056274414074,12.303059577941951],[121.92194366455112,12.318329811096191],[121.93860626220726,12.334719657898063],[121.92861175537155,12.347499847412223],[121.94361114501953,12.368610382080135],[121.9416732788086,12.391389846801758],[121.96193695068405,12.405280113220215],[121.99138641357422,12.412220001220703],[121.98777770996094,12.421939849853459],[122.0064315795903,12.44536018371582],[122.00791168212902,12.471730232238713],[122.01606750488281,12.492059707641715],[122.0061187744144,12.52291011810297],[122.00898742675804,12.54529953002941],[121.99250030517624,12.569720268249455],[122.00198364257858,12.597249984741325],[122.0350265502932,12.618499755859375],[122.07111358642578,12.62082958221447],[122.11200714111328,12.655209541320914],[122.11611175537143,12.674440383911303]]],[[[122.08560180664097,12.837670326232853],[122.08972167968795,12.831390380859375],[122.06333160400425,12.785829544067383],[122.03250122070358,12.785829544067383],[122.01833343505882,12.797499656677303],[122.03643798828159,12.816049575805891],[122.0701675415039,12.824469566345215],[122.08560180664097,12.837670326232853]]],[[[121.70443725585983,12.949170112609863],[121.71971893310558,12.94666957855253],[121.73638916015625,12.929439544677848],[121.7211074829105,12.8994398117066],[121.70054626464855,12.90167045593256],[121.6852798461914,12.918330192565975],[121.685546875,12.93721961975109],[121.70443725585983,12.949170112609863]]],[[[122.08194732666038,12.961669921875],[122.09971618652378,12.949720382690543],[122.08506774902355,12.911129951477108],[122.06243133544922,12.905280113220499],[122.05275726318371,12.93766975402832],[122.03388977050827,12.948329925537223],[122.04556274414062,12.960700035095215],[122.08194732666038,12.961669921875]]]]}},{"type":"Feature","id":16,"properties":{"areaId":"bukidnon","name":"Bukidnon","province":"Bukidnon"},"geometry":{"type":"Polygon","coordinates":[[[125.24420166015625,8.581629753112907],[125.24880218505893,8.460880279541072],[125.26117706298828,8.370490074157772],[125.33254241943382,8.29613018035883],[125.35830688476562,8.24563980102539],[125.35395812988327,8.187470436096248],[125.37217712402344,8.152520179748535],[125.36840820312523,8.099909782409668],[125.38786315917991,8.077509880066032],[125.38165283203136,7.985549926757812],[125.42089080810547,7.911930084228572],[125.41744232177734,7.817319869995117],[125.44106292724643,7.771500110626221],[125.43073272705078,7.655590057373104],[125.40750122070335,7.626220226287955],[125.32256317138706,7.627449989318904],[125.3009033203125,7.648859977722225],[125.25241088867199,7.643730163574162],[125.25203704834018,7.579840183258113],[125.2189407348634,7.591959953308105],[125.16586303710938,7.522970199584961],[125.15531921386719,7.46537017822277],[125.0677871704105,7.451759815216178],[125.04910278320347,7.40556001663208],[124.97190856933594,7.400710105895939],[124.93366241455078,7.428420066833496],[124.89263153076217,7.414509773254622],[124.84023284912121,7.450990200042838],[124.81729125976608,7.495810031890869],[124.82507324218761,7.541480064392033],[124.8025588989259,7.623189926147688],[124.7603530883789,7.647160053253288],[124.73603820800827,7.72777986526512],[124.70761108398483,7.755070209503231],[124.66059875488281,7.835979938507194],[124.55732727050815,7.984049797058219],[124.54263305664108,8.069000244140682],[124.4955978393557,8.137969970703125],[124.55165100097668,8.149029731750716],[124.56522369384788,8.235199928283805],[124.59928131103561,8.31305027008051],[124.61141204833984,8.399049758911246],[124.62605285644565,8.419540405273494],[124.81623077392601,8.422050476074276],[124.81427764892578,8.47603988647461],[124.86881256103516,8.594369888305778],[125.02922058105469,8.579339981079045],[125.24420166015625,8.581629753112907]]]}},{"type":"Feature","id":21,"properties":{"areaId":"camiguin","name":"Camiguin","province":"Camiguin"},"geometry":{"type":"Polygon","coordinates":[[[124.71012115478516,9.257379531860465],[124.77881622314464,9.203709602356128],[124.80661773681675,9.121839523315543],[124.7824630737307,9.08423995971691],[124.69111633300781,9.11143970489502],[124.65316772460938,9.139229774475325],[124.63488006591797,9.217980384826717],[124.66866302490246,9.250249862670842],[124.71012115478516,9.257379531860465]]]}},{"type":"Feature","id":53,"properties":{"areaId":"apo","name":"Davao & Cotabato","province":"North Cotabato"},"geometry":{"type":"Polygon","coordinates":[[[125.12077331542969,6.756309986114616],[125.003700256348,6.720550060272274],[124.89753723144577,6.783209800720272],[124.81430816650425,6.780910015106201],[124.79429626464866,7.109549999237174],[124.73578643798874,7.093579769134578],[124.66398620605469,6.946129798889217],[124.58606719970749,6.969629764556998],[124.43683624267612,7.08942985534668],[124.46941375732422,7.242680072784424],[124.37306976318405,7.165629863739071],[124.32874298095703,7.171889781952018],[124.4865188598634,7.444009780883846],[124.43366241455124,7.520150184631461],[124.44055175781261,7.652029991149959],[124.56836700439476,7.673069953918457],[124.6486206054692,7.613080024719295],[124.70025634765648,7.639830112457275],[124.81503295898438,7.595819950103703],[124.81729125976608,7.495810031890869],[124.89263153076217,7.414509773254622],[125.04910278320347,7.40556001663208],[125.15531921386719,7.46537017822277],[125.2189407348634,7.591959953308105],[125.26467895507812,7.503709793090877],[125.22678375244163,7.352250099182186],[125.22683715820312,7.204249858856315],[125.28415679931686,7.12294006347679],[125.25833129882847,6.96222019195568],[125.12077331542969,6.756309986114616]]]}},{"type":"Feature","id":71,"properties":{"areaId":"south-cotabato","name":"South Cotabato","province":"South Cotabato"},"geometry":{"type":"Polygon","coordinates":[[[125.19676971435547,6.5361399650576],[125.17172241210938,6.469520092010498],[125.07544708251953,6.342520236969222],[125.26962280273438,6.274099826812858],[125.23983001709018,6.09725999832159],[125.16890716552734,6.105685234069938],[125.1016235351567,5.954760074615479],[125.01537322998047,6.002130031585921],[124.79274749755893,6.009900093078613],[124.54612731933628,6.145679950714225],[124.39637756347656,6.212999820709172],[124.31790161132824,6.240570068359375],[124.28093719482467,6.327040195465145],[124.54428863525436,6.334350109100399],[124.59577941894531,6.315969944000244],[124.64568328857433,6.406219959259033],[124.6044311523442,6.526309967040959],[124.63864898681663,6.58561992645258],[124.75028991699264,6.670989990234318],[124.83403778076183,6.532090187072811],[125.19676971435547,6.5361399650576]]]}},{"type":"Feature","id":4,"properties":{"areaId":"panay","name":"Panay","province":"Aklan"},"geometry":{"type":"MultiPolygon","coordinates":[[[[122.57554626464855,11.55167007446289],[122.52953338623047,11.49110031127941],[122.50118255615257,11.478230476379395],[122.39465332031273,11.479120254516602],[122.37947845458996,11.447319984436092],[122.3659896850586,11.432490348815975],[122.34951782226574,11.430290222168026],[122.34017944335949,11.40318965911871],[122.32142639160156,11.371600151062012],[122.27484130859375,11.33234977722168],[122.2000732421875,11.3126802444458],[122.18235015869175,11.342900276184139],[122.19338989257812,11.373519897461051],[122.18575286865234,11.393810272216854],[122.16874694824264,11.398340225219783],[122.16663360595726,11.437239646911564],[122.15721130371094,11.455510139465275],[122.13543701171909,11.469010353088379],[122.13678741455101,11.505390167236385],[122.15339660644531,11.528280258178768],[122.14082336425781,11.566679954528865],[122.14984130859386,11.592630386352539],[122.1409912109375,11.639869689941406],[122.16074371337925,11.67372035980236],[122.17825317382824,11.716440200805721],[122.16188049316452,11.757949829101562],[122.12040710449219,11.779959678650016],[122.09168243408249,11.778409957885856],[122.05182647705124,11.799139976501522],[122.02210998535156,11.819669723510742],[121.98689270019531,11.827739715576286],[121.93374633789085,11.821020126342773],[121.90026092529331,11.787540435790959],[121.87275695800781,11.76996994018566],[121.84352874755882,11.762350082397518],[121.86235046386719,11.781700134277457],[121.87822723388683,11.80900955200218],[121.88804626464878,11.850000381469783],[121.879638671875,11.86839962005638],[121.88694763183594,11.90027999877924],[121.91526794433628,11.901989936828727],[121.94724273681686,11.918109893799055],[121.95002746582043,11.937100410461369],[121.99889373779297,11.909440040588436],[122.05021667480469,11.855270385742415],[122.10582733154297,11.828889846801701],[122.16443634033226,11.82583045959467],[122.20471954345703,11.80694961547863],[122.22305297851608,11.813329696655387],[122.22693634033237,11.794170379638786],[122.25916290283237,11.785280227661133],[122.28166961669956,11.764169692993221],[122.28578186035156,11.746410369873047],[122.31475067138672,11.731220245361385],[122.34971618652355,11.73917007446289],[122.36630249023449,11.713899612426758],[122.37972259521484,11.726389884948787],[122.41805267334018,11.667779922485352],[122.45832824707031,11.63008022308344],[122.44583129882858,11.624440193176383],[122.43026733398438,11.651109695434684],[122.40028381347679,11.656669616699219],[122.3949966430664,11.642219543457259],[122.41166687011719,11.627779960632381],[122.41361236572277,11.604720115661621],[122.42944335937511,11.586939811706543],[122.4415283203125,11.604109764099235],[122.46639251708984,11.60000038146967],[122.46028137207031,11.579170227050724],[122.4433364868164,11.568329811096135],[122.45834350585972,11.55167007446289],[122.47471618652344,11.553890228271428],[122.4947128295903,11.5720796585083],[122.49555206298851,11.595279693603459],[122.55610656738293,11.57166957855236],[122.54360961914097,11.554169654846305],[122.57554626464855,11.55167007446289]]],[[[121.92295837402378,11.999090194702262],[121.92755126953148,11.96907997131342],[121.94880676269543,11.94721984863287],[121.93309020996094,11.940309524536133],[121.9069595336914,11.981949806213436],[121.92295837402378,11.999090194702262]]]]}},{"type":"Feature","id":6,"properties":{"areaId":"panay","name":"Panay","province":"Antique"},"geometry":{"type":"MultiPolygon","coordinates":[[[[122.2000732421875,11.3126802444458],[122.20719909667969,11.284810066223145],[122.20171356201183,11.214839935302734],[122.21555328369163,11.173029899597168],[122.23887634277389,11.140600204467887],[122.30911254882835,11.047739982605037],[122.32443237304688,11.015669822692985],[122.31316375732422,10.958359718322697],[122.32489776611374,10.941949844360465],[122.29512786865234,10.928050041198844],[122.27932739257824,10.892729759216309],[122.26130676269543,10.895429611206112],[122.22627258300781,10.851739883422965],[122.20088958740234,10.83417987823492],[122.19996643066452,10.816309928893986],[122.17539978027355,10.756219863891602],[122.15364837646496,10.751799583435059],[122.1140594482423,10.7154798507691],[122.08384704589855,10.700989723205623],[122.06446838378918,10.675200462341422],[122.0463027954105,10.638159751892317],[122.03379058837913,10.623970031738224],[122.03531646728538,10.609270095825252],[122.03562164306675,10.609279632568416],[122.03338623046909,10.603580474853572],[122.02158355712913,10.57443046569847],[122.01677703857422,10.539349555969352],[122.01392364501964,10.47443962097168],[122.03011322021484,10.467080116271973],[122.01009368896484,10.442489624023665],[121.96102905273483,10.413390159606934],[121.92508697509766,10.42938041687006],[121.91195678710983,10.44810962677002],[121.92186737060547,10.487549781799373],[121.9158325195317,10.502779960632324],[121.9456710815432,10.528750419616756],[121.95818328857456,10.551250457763672],[121.97467803955078,10.632519721984863],[121.97836303710949,10.672789573669434],[121.96495056152344,10.71679973602295],[121.94889831543003,10.735980033874625],[121.93565368652366,10.737360000610352],[121.9243392944336,10.759710311889762],[121.94486236572266,10.800950050354118],[121.95565032958996,10.847499847412166],[121.97943115234398,10.90762996673584],[121.98139190673874,10.922780036926213],[122.0015869140625,10.954790115356445],[122.03907012939453,10.999509811401367],[122.03916931152344,11.017499923706112],[122.05278015136764,11.029999732971248],[122.0416717529298,11.07166004180931],[122.04528045654342,11.096670150757063],[122.03721618652366,11.11583042144781],[122.0397567749028,11.15225982666027],[122.0330581665039,11.188890457153548],[122.05249786376953,11.225279808044547],[122.05166625976562,11.262499809265137],[122.03028106689487,11.28999996185297],[122.0363922119144,11.321669578552246],[122.05805206298828,11.343059539794979],[122.06250000000045,11.371109962463322],[122.05000305175804,11.408060073852596],[122.06083679199219,11.444720268249625],[122.0569534301759,11.468609809875602],[122.0747222900394,11.478329658508358],[122.08556365966808,11.512780189514274],[122.07805633544922,11.542499542236328],[122.09333038330078,11.588890075683537],[122.10193634033249,11.646670341491927],[122.10111236572288,11.681110382080021],[122.09443664550804,11.715829849243164],[122.07083129882812,11.738329887390137],[122.04444122314464,11.732219696045036],[122.01199340820312,11.736849784851074],[121.98789978027355,11.75189018249523],[121.91584014892612,11.767180442810172],[121.89962768554722,11.757269859314079],[121.8608169555664,11.755979537963867],[121.84352874755882,11.762350082397518],[121.87275695800781,11.76996994018566],[121.90026092529331,11.787540435790959],[121.93374633789085,11.821020126342773],[121.98689270019531,11.827739715576286],[122.02210998535156,11.819669723510742],[122.05182647705124,11.799139976501522],[122.09168243408249,11.778409957885856],[122.12040710449219,11.779959678650016],[122.16188049316452,11.757949829101562],[122.17825317382824,11.716440200805721],[122.16074371337925,11.67372035980236],[122.1409912109375,11.639869689941406],[122.14984130859386,11.592630386352539],[122.14082336425781,11.566679954528865],[122.15339660644531,11.528280258178768],[122.13678741455101,11.505390167236385],[122.13543701171909,11.469010353088379],[122.15721130371094,11.455510139465275],[122.16663360595726,11.437239646911564],[122.16874694824264,11.398340225219783],[122.18575286865234,11.393810272216854],[122.19338989257812,11.373519897461051],[122.18235015869175,11.342900276184139],[122.2000732421875,11.3126802444458]]],[[[121.43438720703136,11.867270469665584],[121.4720230102539,11.867520332336426],[121.5145492553711,11.860529899597282],[121.53028106689453,11.84669017791748],[121.51628875732422,11.826490402221793],[121.4809799194336,11.824859619140625],[121.4352798461914,11.840000152587834],[121.41249847412143,11.838330268860034],[121.43438720703136,11.867270469665584]]],[[[121.5547332763673,11.9600000381472],[121.57776641845703,11.9350004196167],[121.5830535888673,11.905280113220329],[121.55320739746105,11.89076995849615],[121.54062652587902,11.901189804077376],[121.5547332763673,11.9600000381472]]],[[[121.35415649414062,12.116669654846305],[121.37949371337925,12.115790367126692],[121.39125823974655,12.09856033325201],[121.41068267822266,12.040080070495776],[121.42752075195324,12.028940200805778],[121.4125671386721,12.004369735718],[121.38139343261787,11.991109848022404],[121.3633270263673,12.03417015075712],[121.36528015136719,12.053059577942008],[121.38027954101562,12.071390151977766],[121.3455581665039,12.0841703414917],[121.35415649414062,12.116669654846305]]]]}},{"type":"Feature","id":22,"properties":{"areaId":"panay","name":"Panay","province":"Capiz"},"geometry":{"type":"Polygon","coordinates":[[[123.09707641601562,11.544480323791447],[123.0979690551759,11.543609619140852],[123.09839630126987,11.5427503585816],[123.09835815429699,11.541270256042594],[123.09751129150413,11.540049552917708],[123.09691619873058,11.540029525756779],[123.09088134765625,11.52676963806175],[123.07507324218761,11.51167011260992],[123.07306671142578,11.483659744262638],[123.0484619140625,11.446439743041992],[123.05426025390625,11.414119720458984],[123.04979705810547,11.396900177002067],[123.01570892333984,11.380590438842773],[122.98150634765625,11.383509635925407],[122.93512725830112,11.357219696045036],[122.93409729003906,11.330289840698299],[122.94712829589889,11.3035697937014],[122.91893768310547,11.298100471496696],[122.88997650146518,11.27762985229515],[122.89552307128929,11.255419731140137],[122.87463378906261,11.241209030151367],[122.8520431518557,11.191929817199707],[122.77967071533249,11.18379020690918],[122.7850723266605,11.200119972229231],[122.77816772460938,11.226619720458984],[122.7269287109375,11.227230072021484],[122.70352935791027,11.211640357971135],[122.65054321289108,11.212389945983944],[122.62687683105491,11.235739707947005],[122.64967346191429,11.264120101928768],[122.63289642333984,11.266571044921875],[122.59052276611362,11.221249580383414],[122.57106781005893,11.244739532470703],[122.54149627685558,11.202730178833008],[122.51138305664085,11.191340446472168],[122.49784088134788,11.179369926452864],[122.4532165527346,11.193389892578182],[122.39100646972668,11.191329956054744],[122.32219696044922,11.226819992065543],[122.23887634277389,11.140600204467887],[122.21555328369163,11.173029899597168],[122.20171356201183,11.214839935302734],[122.20719909667969,11.284810066223145],[122.2000732421875,11.3126802444458],[122.27484130859375,11.33234977722168],[122.32142639160156,11.371600151062012],[122.34017944335949,11.40318965911871],[122.34951782226574,11.430290222168026],[122.3659896850586,11.432490348815975],[122.37947845458996,11.447319984436092],[122.39465332031273,11.479120254516602],[122.50118255615257,11.478230476379395],[122.52953338623047,11.49110031127941],[122.57554626464855,11.55167007446289],[122.58541107177734,11.55027961730957],[122.58999633789062,11.518610000610352],[122.62666320800793,11.518059730529842],[122.63723754882812,11.53229999542242],[122.68000030517601,11.539719581603947],[122.68506622314499,11.569029808044377],[122.71382904052746,11.577219963073787],[122.72442626953159,11.607899665832463],[122.79972076416016,11.606940269470329],[122.82749938964855,11.610280036926326],[122.86972045898438,11.543330192566202],[122.88054656982433,11.543889999389648],[122.93000030517578,11.513890266418457],[122.89250946044922,11.491660118103027],[122.88694763183616,11.44083023071289],[122.9002838134769,11.427499771118391],[122.91722106933594,11.444439888000431],[122.91805267333984,11.483610153198242],[122.95639038085938,11.477499961853027],[122.98695373535168,11.482500076294059],[123.04194641113315,11.51583003997797],[123.07524108886719,11.527330398559513],[123.09707641601562,11.544480323791447]]]}},{"type":"Feature","id":32,"properties":{"areaId":"panay","name":"Panay","province":"Guimaras"},"geometry":{"type":"MultiPolygon","coordinates":[[[[122.70597076416016,10.474579811096248],[122.7247467041019,10.454239845275822],[122.68982696533271,10.442919731140364],[122.68643951416016,10.467189788818587],[122.70597076416016,10.474579811096248]]],[[[122.66020202636719,10.7535400390625],[122.68586730957031,10.731679916381779],[122.7137680053711,10.715880393981877],[122.72206878662155,10.692489624023438],[122.71647644043014,10.657509803772086],[122.72577667236351,10.639410018920898],[122.72499847412143,10.617779731750602],[122.7065124511721,10.579549789428711],[122.69751739501964,10.547100067138729],[122.68447875976585,10.531620025634766],[122.68271636962936,10.502739906311035],[122.6639404296875,10.478610038757552],[122.647216796875,10.472780227661303],[122.6398162841798,10.445520401000977],[122.58915710449219,10.431110382080078],[122.56944274902355,10.44888973236084],[122.55296325683616,10.417400360107479],[122.54035949707065,10.408269882202148],[122.51213073730526,10.41487026214611],[122.50376129150413,10.454970359802246],[122.49054718017578,10.473059654235954],[122.47551727294979,10.477020263672102],[122.4827804565432,10.506389617919865],[122.51833343505871,10.511389732360954],[122.52194213867199,10.549440383911076],[122.50949096679688,10.580559730529785],[122.52702331542991,10.613949775695914],[122.54804992675781,10.6281099319458],[122.59253692626964,10.673549652099666],[122.60901641845714,10.675740242004508],[122.61405944824264,10.71767997741722],[122.64389038085938,10.734720230102596],[122.66020202636719,10.7535400390625]]]]}},{"type":"Feature","id":36,"properties":{"areaId":"panay","name":"Panay","province":"Iloilo"},"geometry":{"type":"MultiPolygon","coordinates":[[[[123.1462020874028,11.154629707336653],[123.1522216796875,11.14888954162609],[123.12020111084041,11.097649574279785],[123.10722351074253,11.136110305786246],[123.11383819580124,11.145719528198356],[123.1462020874028,11.154629707336653]]],[[[123.16805267333984,11.220560073852596],[123.18972015380871,11.210559844970817],[123.17223358154297,11.192500114440918],[123.15778350830101,11.209170341491983],[123.16805267333984,11.220560073852596]]],[[[123.16512298583996,11.311570167541618],[123.19389343261764,11.290829658508358],[123.15576934814464,11.277219772338867],[123.15453338623104,11.309249877929801],[123.16512298583996,11.311570167541618]]],[[[123.25923156738293,11.460869789123592],[123.27657318115234,11.445599555969409],[123.2609786987307,11.423419952392692],[123.24333190917991,11.446669578552303],[123.25923156738293,11.460869789123592]]],[[[123.23184967041061,11.513689994812012],[123.2349090576173,11.46438026428234],[123.20594787597679,11.460599899292049],[123.1905517578125,11.477499961853198],[123.19917297363304,11.504170417785645],[123.23184967041061,11.513689994812012]]],[[[122.03011322021484,10.467080116271973],[122.01392364501964,10.47443962097168],[122.01677703857422,10.539349555969352],[122.02158355712913,10.57443046569847],[122.03338623046909,10.603580474853572],[122.03562164306675,10.609279632568416],[122.03531646728538,10.609270095825252],[122.03379058837913,10.623970031738224],[122.0463027954105,10.638159751892317],[122.06446838378918,10.675200462341422],[122.08384704589855,10.700989723205623],[122.1140594482423,10.7154798507691],[122.15364837646496,10.751799583435059],[122.17539978027355,10.756219863891602],[122.19996643066452,10.816309928893986],[122.20088958740234,10.83417987823492],[122.22627258300781,10.851739883422965],[122.26130676269543,10.895429611206112],[122.27932739257824,10.892729759216309],[122.29512786865234,10.928050041198844],[122.32489776611374,10.941949844360465],[122.31316375732422,10.958359718322697],[122.32443237304688,11.015669822692985],[122.30911254882835,11.047739982605037],[122.23887634277389,11.140600204467887],[122.32219696044922,11.226819992065543],[122.39100646972668,11.191329956054744],[122.4532165527346,11.193389892578182],[122.49784088134788,11.179369926452864],[122.51138305664085,11.191340446472168],[122.54149627685558,11.202730178833008],[122.57106781005893,11.244739532470703],[122.59052276611362,11.221249580383414],[122.63289642333984,11.266571044921875],[122.64967346191429,11.264120101928768],[122.62687683105491,11.235739707947005],[122.65054321289108,11.212389945983944],[122.70352935791027,11.211640357971135],[122.7269287109375,11.227230072021484],[122.77816772460938,11.226619720458984],[122.7850723266605,11.200119972229231],[122.77967071533249,11.18379020690918],[122.8520431518557,11.191929817199707],[122.87463378906261,11.241209030151367],[122.89552307128929,11.255419731140137],[122.88997650146518,11.27762985229515],[122.91893768310547,11.298100471496696],[122.94712829589889,11.3035697937014],[122.93409729003906,11.330289840698299],[122.93512725830112,11.357219696045036],[122.98150634765625,11.383509635925407],[123.01570892333984,11.380590438842773],[123.04979705810547,11.396900177002067],[123.05426025390625,11.414119720458984],[123.0484619140625,11.446439743041992],[123.07306671142578,11.483659744262638],[123.07507324218761,11.51167011260992],[123.09088134765625,11.52676963806175],[123.09691619873058,11.540029525756779],[123.09751129150413,11.540049552917708],[123.09835815429699,11.541270256042594],[123.09839630126987,11.5427503585816],[123.0979690551759,11.543609619140852],[123.09707641601562,11.544480323791447],[123.1455535888673,11.58806037902832],[123.163330078125,11.566940307617301],[123.13777923583984,11.517780303955135],[123.10832977294922,11.514169692993107],[123.11389160156261,11.496109962463606],[123.15277862548828,11.487779617309627],[123.16084289550804,11.475560188293457],[123.15194702148449,11.442500114440918],[123.12889099121116,11.416939735412598],[123.14721679687545,11.400279998779354],[123.15139007568371,11.383609771728516],[123.12777709960972,11.33917045593256],[123.10415649414062,11.340000152588118],[123.1088333129884,11.296779632568303],[123.09500122070312,11.274720191955623],[123.09944152832031,11.249719619751033],[123.09416961669933,11.223890304565657],[123.11332702636753,11.21527957916254],[123.12790679931652,11.18120002746582],[123.11985778808594,11.16366958618164],[123.10333251953148,11.16082954406744],[123.06194305419945,11.18583011627203],[123.05638885498058,11.177780151367415],[123.09583282470703,11.156109809875488],[123.0760879516605,11.14982986450218],[123.06639099121094,11.167220115661621],[123.03648376464866,11.171259880065861],[123.01763153076172,11.14274978637701],[123.01000213623047,11.093890190124512],[122.99722290039062,11.080280303955192],[122.95471954345714,11.068610191345215],[122.95500183105469,11.05111026763916],[122.91555786132835,11.036669731140137],[122.90611267089866,11.020830154419002],[122.87194824218761,11.031940460205135],[122.84916687011753,11.012499809265194],[122.84999847412155,10.998889923095703],[122.81733703613281,11.000349998474178],[122.78111267089844,10.98639011383051],[122.7666702270509,10.945280075073356],[122.78138732910202,10.925279617309627],[122.790283203125,10.895000457763729],[122.7841567993164,10.856109619140625],[122.7344436645509,10.78528022766119],[122.7127838134769,10.780830383300838],[122.6763916015625,10.795289993286076],[122.6530532836914,10.784170150756836],[122.61083221435558,10.77388954162609],[122.59271240234386,10.75541973114025],[122.59971618652344,10.737219810485954],[122.59523773193393,10.70709037780756],[122.58148193359398,10.687330245971737],[122.56288146972679,10.691080093383846],[122.53711700439487,10.680339813232365],[122.50093841552734,10.679349899292049],[122.47834014892578,10.688260078430233],[122.42632293701195,10.682160377502385],[122.3949584960942,10.670299530029354],[122.33529663085938,10.669079780578727],[122.32643890380871,10.65867996215826],[122.28784942626976,10.659049987793082],[122.25776672363327,10.651339530944824],[122.24503326416061,10.635160446167106],[122.20691680908203,10.638239860534725],[122.14232635498047,10.584250450134391],[122.10640716552734,10.583479881286735],[122.07958221435547,10.548959732055721],[122.06153106689464,10.501520156860465],[122.03011322021484,10.467080116271973]]],[[[123.35709381103572,11.594750404358138],[123.33499908447266,11.573329925537223],[123.32943725585994,11.598890304565487],[123.35709381103572,11.594750404358138]]]]}},{"type":"Feature","id":51,"properties":{"areaId":"negros","name":"Negros","province":"Negros Occidental"},"geometry":{"type":"Polygon","coordinates":[[[123.19589233398438,11.003549575805778],[123.26891326904331,10.984080314636287],[123.27889251709018,10.973890304565543],[123.31664276123058,10.955869674682617],[123.34834289550781,10.94999980926508],[123.37345886230469,10.961400032043514],[123.42781066894531,10.946459770202864],[123.47235107421875,10.920299530029467],[123.48777770996094,10.935560226440543],[123.51444244384822,10.919199943542537],[123.52436828613338,10.863419532775879],[123.55680847167991,10.837719917297306],[123.5553436279298,10.817540168762207],[123.56803131103527,10.792940139770565],[123.56053924560592,10.774160385131893],[123.53221893310547,10.747220039367903],[123.52420806884766,10.7154798507691],[123.51035308837902,10.7079696655274],[123.49360656738315,10.637220382690543],[123.48889160156284,10.597220420837516],[123.45889282226597,10.539170265197754],[123.46499633789097,10.52305984497076],[123.44471740722668,10.49806022644043],[123.35778045654342,10.440279960632552],[123.35166931152366,10.407500267028809],[123.33601379394543,10.38257980346691],[123.25163269042991,10.413430213928166],[123.12914276123047,10.410329818725586],[123.2008972167971,10.267910003662223],[123.11405944824219,10.164110183715934],[123.07559967041016,10.096179962158203],[123.02062225341808,10.010580062866211],[123.01045227050827,9.969149589538631],[122.9911575317384,9.909870147705305],[122.92868041992188,9.836640357971135],[122.81552886962936,9.694879531860408],[122.73700714111362,9.589030265808333],[122.69590759277355,9.554809570312727],[122.64808654785156,9.50012016296381],[122.61290740966842,9.420319557189941],[122.56667327880871,9.459719657898006],[122.53527832031295,9.495559692382926],[122.53584289550781,9.512499809265137],[122.51638793945312,9.534440040588436],[122.48055267333996,9.56472015380865],[122.45276641845737,9.632220268249455],[122.45863342285168,9.658599853515682],[122.43083190918003,9.67138957977295],[122.40941619873058,9.659790039062614],[122.40110778808594,9.67389011383068],[122.42111206054688,9.695280075073242],[122.39055633544945,9.69610977172863],[122.37999725341797,9.711389541625977],[122.39452362060592,9.729169845581168],[122.39916992187534,9.765279769897461],[122.3888931274414,9.791110038757267],[122.40083312988293,9.814439773559627],[122.38416290283226,9.82306003570568],[122.3813934326173,9.843609809875431],[122.40778350830078,9.870559692382756],[122.44110870361374,9.916669845580998],[122.45054626464866,9.97611045837408],[122.50166320800804,9.9861097335816],[122.61277770996139,9.975279808044434],[122.66388702392624,9.977780342102108],[122.70084381103561,9.995559692382812],[122.7300033569336,10.02610969543457],[122.77867889404308,10.067290306091536],[122.82444763183605,10.063610076904354],[122.84928894043014,10.077300071716252],[122.86229705810547,10.101650238037053],[122.86221313476574,10.13661003112793],[122.85607147216797,10.17088985443121],[122.84179687500045,10.210320472717285],[122.84136199951195,10.297710418701115],[122.85627746582031,10.325849533081055],[122.86589050293003,10.358670234680233],[122.85610961914074,10.406109809875488],[122.82389068603527,10.441109657287598],[122.81876373291061,10.487649917602482],[122.79548645019554,10.522649765014592],[122.82170867919945,10.55029010772705],[122.8541030883789,10.548540115356445],[122.88265991210983,10.56742954254156],[122.88221740722656,10.581110000610295],[122.91777801513706,10.609439849853516],[122.92704010009766,10.656279563904036],[122.95023345947266,10.68332958221447],[122.94833374023449,10.727169990539608],[122.96392059326217,10.756150245666618],[122.9625015258789,10.804169654846248],[122.95054626464855,10.806110382080135],[122.94583129882812,10.843609809875602],[122.9572219848634,10.868889808654728],[122.95361328125045,10.895830154418945],[122.97972106933605,10.89861011505127],[122.99804687500023,10.914440155029354],[123.01405334472668,10.913140296935978],[123.04750061035156,10.92333030700712],[123.07444763183594,10.914719581604004],[123.09139251709018,10.93832969665533],[123.13398742675781,10.972459793090934],[123.16224670410168,10.976420402526912],[123.19589233398438,11.003549575805778]]]}}]}
